nom,adresse,code_postal,latitude,longitude
AGENCE ARRAS - BNP PARIBAS,"21 rue Ernestale, 62000  Arras",62000,50.289685685442,2.7740060338363
Cash Services - Arras 114 RUE DU TEMPLE,"114 RUE DU TEMPLE, 62000  Arras",62000,50.282246,2.788267
Cash Services - Arras 10 RUE DESIRE DELANSORNE,"10 RUE DESIRE DELANSORNE, 62033  Arras",62033,50.290969,2.776623
Cash Services - Beaumetz Les Loges 19 ROUTE NATIONALE,"19 ROUTE NATIONALE, 62123  Beaumetz Les Loges",62123,50.241395,2.658654
Cash Services - Bapaume 23 PLACE FAIDHERBE,"23 PLACE FAIDHERBE, 62450  Bapaume",62450,50.104222,2.850599
Cash Services - Lievin 1 PLACE GAMBETTA,"1 PLACE GAMBETTA, 62800  Lievin",62800,50.419215,2.777873
AGENCE LIEVIN - BNP PARIBAS,"187 rue J B Defernez, 62800  Lievin",62800,50.42205736804,2.7813778902716
Cash Services - Lens 130 BOULEVARD EMILE BASLY,"130 BOULEVARD EMILE BASLY, 62300  Lens",62300,50.430355,2.823144
AGENCE LENS - BNP PARIBAS,"27 place Jean Jaures, 62300  Lens",62300,50.428925189547,2.8311537294774
AGENCE HENIN BEAUMONT - BNP PARIBAS,"133 rue Montpencher, 62110  Henin Beaumont",62110,50.421636790093,2.9481306987766
Cash Services - Harnes 10 GRAND PLACE,"10 GRAND PLACE, 62440  Harnes",62440,50.445085,2.903325
AGENCE NOEUX LES MINES - BNP PARIBAS,"221 rue Nationale, 62290  Noeux Les Mines",62290,50.47733770138,2.6652678576721
AGENCE DOUAI PONT D'ESQUERCHIN - BNP PARIBAS,"2 rue Pierre Brossolette, 59500  Douai",59500,50.37673278357,3.0649958885973
AGENCE DOUAI - BNP PARIBAS,"75 rue De Bellain, 59500  Douai",59500,50.368680008372,3.0820231736196
Cash Services - Douai 19 RUE SAINT JACQUES,"19 RUE SAINT JACQUES, 59500  Douai",59500,50.370803,3.082985
AGENCE ALBERT - BNP PARIBAS,"1 rue Gambetta, 80300  Albert",80300,50.003536770802,2.6474252632553
AGENCE BRUAY LA BUISSIERE - BNP PARIBAS,"72 rue Henri Cadot, 62700  Bruay La Buissiere",62700,50.480737513377,2.5459123300594
AGENCE DOULLENS - BNP PARIBAS,"69 rue Du Bourg, 80600  Doullens",80600,50.155858251077,2.3423457073341
AGENCE CARVIN - BNP PARIBAS,"49 rue Edouard Plachez, 62220  Carvin",62220,50.491301123774,2.9561347902845
AGENCE LA BASSEE - BNP PARIBAS,"28 rue De Lens, 59480  La Bassee",59480,50.530111377842,2.802094504925
Cash Services - Frevent 8 RUE DU GENERAL DE GAULLE,"8 RUE DU GENERAL DE GAULLE, 62270  Frevent",62270,50.277558,2.293794
AGENCE SAINT POL SUR TERNOISE - BNP PARIBAS,"place Du General Leclerc, 62130  St Pol Sur Ternoise",62130,50.382105,2.337193
AGENCE BETHUNE - BNP PARIBAS,"5 Grand Place, 62400  Bethune",62400,50.531131316528,2.6384107306885
Cash Services - Pernes 34 GRAND PLACE,"34 GRAND PLACE, 62550  Pernes",62550,50.484023,2.411191
Cash Services - Montigny En Ostrevent AVENUE RAYMOND HONORE,"AVENUE RAYMOND HONORE, 59182  Montigny En Ostrevent",59182,50.367254,3.191003
Cash Services - Sainghin En Weppes 3 PLACE DU GENERAL DE GAULLE,"3 PLACE DU GENERAL DE GAULLE, 59184  Sainghin En Weppes",59184,50.56314,2.899459
Cash Services - Cambrai 2 AVENUE GEORGES NUTTIN,"2 AVENUE GEORGES NUTTIN, 59400  Cambrai",59400,50.147602,3.222293
AGENCE CAMBRAI - BNP PARIBAS,"11 Rue D'alsace Lorraine, 59400  Cambrai",59400,50.1757997,3.2373109
Cash Services - Wavrin 102 RUE ACHILLE PINTEAUX,"102 RUE ACHILLE PINTEAUX, 59136  Wavrin",59136,50.572749,2.937745
AGENCE PERONNE - BNP PARIBAS,"16 place Du Commandant Louis Daudre, 80200  Peronne",80200,49.929694891625,2.9346717288686
AGENCE LILLERS - BNP PARIBAS,"45 place Jean Jaures, 62190  Lillers",62190,50.561459343332,2.4824860153442
AGENCE SECLIN - BNP PARIBAS,"3 place Du General De Gaulle, 59113  Seclin",59113,50.551149873079,3.0310874677333
Cash Services - Pont A Marcq 116 RUE NATIONALE,"116 RUE NATIONALE, 59710  Pont A Marcq",59710,50.520784,3.114093
AGENCE SOMAIN - BNP PARIBAS,"2 Rue Vaillant Couturier, 59490  Somain",59490,50.3597288,3.2812244
AGENCE ORCHIES - BNP PARIBAS,"16 place Du General De Gaulle, 59310  Orchies",59310,50.473763073208,3.2422699157403
Cash Services - Auxi Le Chateau 36 PLACE DE L HOTEL DE VILLE,"36 PLACE DE L HOTEL DE VILLE, 62390  Auxi Le Chateau",62390,50.231782,2.116521
Cash Services - Merville 3 RUE THIERS,"3 RUE THIERS, 59660  Merville",59660,50.643552,2.639124
AGENCE LOOS LES LILLE - BNP PARIBAS,"175 rue Du Marechal Foch, 59120  Loos",59120,50.614445543899,3.0132774030945
Cash Services - Avesnes Les Aubert 13 RUE CAMELINAT,"13 RUE CAMELINAT, 59129  Avesnes Les Aubert",59129,50.197259,3.379791
AGENCE RONCHIN - BNP PARIBAS,"730 avenue Jean Jaures, 59790  Ronchin",59790,50.608097690336,3.0762261630905
AGENCE LILLE VAUBAN - BNP PARIBAS,"336 rue Nationale, 59000  Lille",59000,50.62920081816,3.0435809065744
AGENCE DENAIN - BNP PARIBAS,"96 rue De Villars, 59220  Denain",59220,50.326613114482,3.3919754312867
Cash Services - Lille 285 RUE LEON GAMBETTA,"285 RUE LEON GAMBETTA, 59000  Lille",59000,50.628021,3.05125
AGENCE LAMBERSART - BNP PARIBAS,"296 avenue De Dunkerque, 59130  Lambersart",59130,50.638409190974,3.0227492771335
Cash Services - Amiens AVENUE ROGER DUMOULIN,"AVENUE ROGER DUMOULIN, 80080  Amiens",80080,49.935294,2.284296
AGENCE LILLE VICTOR HUGO - BNP PARIBAS,"332 rue Solferino, 59000  Lille",59000,50.624499409536,3.0672323514501
Cash Services - Lille 145 BOULEVARD DE LA LIBERTE,"145 BOULEVARD DE LA LIBERTE, 59800  Lille",59800,50.632288,3.061538
Cash Services - La Chapelle D Armentieres 187 ROUTE NATIONALE,"187 ROUTE NATIONALE, 59930  La Chapelle D Armentieres",59930,50.67401,2.893304
AGENCE LILLE GRAND PLACE - BNP PARIBAS,"9 place Du General De Gaulle, 59000  Lille",59000,50.636527,3.063212
AGENCE LILLE INTERNATIONAL - BNP PARIBAS,"9 Place Du General De Gaulle, 59000  Lille",59000,50.63659,3.063125
Cash Services - Lille 1 BOULEVARD DES CITES UNIES,"1 BOULEVARD DES CITES UNIES, EURALILLE, 59777  Lille",59777,50.632736,3.078084
AGENCE CYSOING - BNP PARIBAS,"72 place De La Republique, 59830  Cysoing",59830,50.568046237349,3.215393050495
AGENCE ARMENTIERES - BNP PARIBAS,"50 rue De Lille, 59280  Armentieres",59280,50.684374235158,2.8805010568035
Cash Services - Lille 206 RUE ROGER SALENGRO,"206 RUE ROGER SALENGRO, HELLEMMES LILLE, 59260  Lille",59260,50.62621,3.111111
AGENCE VILLENEUVE D'ASCQ HOTEL DE VILLE - BNP PARIBAS,"30 place Salvador Allende, 59650  Villeneuve D Ascq",59650,50.619483603054,3.1309346416641
Cash Services - Villeneuve D Ascq 199 RUE DU TRANSIT,"199 RUE DU TRANSIT, 59650  Villeneuve D Ascq",59650,50.615694,3.141402
AGENCE LILLE SAINT MAURICE - BNP PARIBAS,"161-163 rue Du Faubourg De Roubaix, 59000  Lille",59000,50.642115868755,3.0857523977092
AGENCE CAUDRY - BNP PARIBAS,"9 rue Gambetta, 59540  Caudry",59540,50.122413575763,3.4077393570084
Cash Services - Amiens 35 RUE DU GENERAL LECLERC,"35 RUE DU GENERAL LECLERC, 80000  Amiens",80000,49.896151,2.293791
AGENCE AMIENS - BNP PARIBAS,"28 rue Des Trois Cailloux, 80000  Amiens",80000,49.892339531181,2.2996942991126
AGENCE LA MADELEINE - BNP PARIBAS,"124 rue Du General De Gaulle, 59110  La Madeleine",59110,50.6526353,3.0731106000001
Cash Services - Amiens 9 RUE DELAMBRE,"9 RUE DELAMBRE, 80000  Amiens",80000,49.893311,2.296417
AGENCE SAINT ANDRE - BNP PARIBAS,"125 rue Du General Leclerc, 59350  St Andre Lez Lille",59350,50.662492522808,3.0499651792373
Cash Services - Amiens 436 RUE D ABBEVILLE,"436 RUE D ABBEVILLE, 80000  Amiens",80000,49.910789,2.257002
AGENCE VILLENEUVE D'ASCQ ANNAPPES - BNP PARIBAS,"12 rue Pasteur, 59650  Villeneuve D Ascq",59650,50.6263817,3.1510536
Cash Services - Amiens 481 RUE D ABBEVILLE,"481 RUE D ABBEVILLE, 80000  Amiens",80000,49.911499,2.252199
AGENCE HESDIN - BNP PARIBAS,"2 Rue D Arras, 62140  Hesdin-La-Foret",62140,50.3737803,2.0389304
Cash Services - Hesdin La Foret 12 RUE DANIEL LEREUIL,"12 RUE DANIEL LEREUIL, HESDIN, 62140  Hesdin La Foret",62140,50.373276,2.038043
AGENCE AMIENS LIBERATION - BNP PARIBAS,"284 avenue Du General Foy, 80000  Amiens",80000,49.886901702751,2.2788708658895
Cash Services - Marcq En Baroeul 238 BOULEVARD CLEMENCEAU,"238 BOULEVARD CLEMENCEAU, 59700  Marcq En Baroeul",59700,50.662263,3.095623
Cash Services - Villeneuve D Ascq 135 RUE DU 8 MAI 1945,"135 RUE DU 8 MAI 1945, 59650  Villeneuve D Ascq",59650,50.640838,3.155174
AGENCE AMIENS VALLEE DES VIGNES - BNP PARIBAS,"115 rue Alexandre Dumas, 80000  Amiens",80000,49.874212326772,2.2861361408616
Cash Services - Amiens 3 RUE DU SOLEIL LEVANT,"3 RUE DU SOLEIL LEVANT, 80000  Amiens",80000,49.876636,2.280907
AGENCE MARCQ EN BAROEUL - BNP PARIBAS,"1 place Lisfranc Croise Laroche, 59700  Marcq En Baroeul",59700,50.665186901089,3.1022353846557
Cash Services - Wambrechies 3 RUE DU 11 NOVEMBRE 1918,"3 RUE DU 11 NOVEMBRE 1918, 59118  Wambrechies",59118,50.687413,3.052179
Cash Services - Flixecourt 11 RUE ROGER GODARD,"11 RUE ROGER GODARD, 80420  Flixecourt",80420,50.016209,2.080227
AGENCE SAINT AMAND LES EAUX - BNP PARIBAS,"3 Grand Place, 59230  St Amand Les Eaux",59230,50.44799255611,3.4275685478851
Cash Services - Baisieux 123 RUE LOUIS DEFFONTAINE,"123 RUE LOUIS DEFFONTAINE, 59780  Baisieux",59780,50.618486,3.233334
AGENCE HAZEBROUCK - BNP PARIBAS,"10 rue De L Eglise, 59190  Hazebrouck",59190,50.721284917107,2.535971780206
AGENCE BAILLEUL - BNP PARIBAS,"18 rue D'Occident, 59270  Bailleul",59270,50.7388832,2.7326002
Cash Services - Hazebrouck 45 B RUE NOTRE DAME,"45 B RUE NOTRE DAME, 59190  Hazebrouck",59190,50.728232,2.542501
AGENCE CROIX - BNP PARIBAS,"5 rue De La Gare, 59170  Croix",59170,50.674165801008,3.1461352122062
AGENCE RAISMES - BNP PARIBAS,"31 Grand Place, 59590  Raismes",59590,50.391955074229,3.4822526774342
AGENCE BONDUES - BNP PARIBAS,"20 rue Du Bosquiel, 59910  Bondues",59910,50.701292863619,3.0938982715486
Cash Services - Hem 348 E RUE JULES GUESDE,"348 E RUE JULES GUESDE, 59510  Hem",59510,50.661629,3.200285
Cash Services - Roubaix 79 BOULEVARD DE LYON,"79 BOULEVARD DE LYON, 59100  Roubaix",59100,50.678004,3.181085
AGENCE AULNOY LEZ VALENCIENNES - BNP PARIBAS,"1 place Roger Salengro, 59300  Aulnoy Lez Valenciennes",59300,50.3299669,3.5286657
AGENCE LANNOY - BNP PARIBAS,"8 place Carnot, 59390  Lannoy",59390,50.667132413334,3.2108296018002
AGENCE MOUVAUX - BNP PARIBAS,"40 rue Franklin Roosevelt, 59420  Mouvaux",59420,50.700566817489,3.1360996521487
AGENCE VALENCIENNES - BNP PARIBAS,"11 avenue D'Amsterdam, 59300  Valenciennes",59300,50.358679058636,3.5264374662704
AGENCE ROUBAIX - BNP PARIBAS,"24 Grand Place, 59100  Roubaix",59100,50.6913584,3.1754072
AGENCE BOHAIN - BNP PARIBAS,"33 rue Francis De Pressence, 02110  Bohain En Vermandois",02110,49.985237267735,3.4552798542959
Cash Services - St Quentin 3 PLACE CROMMELIN,"3 PLACE CROMMELIN, 02100  St Quentin",02100,49.852325,3.286847
Cash Services - St Saulve 129 RUE JEAN JAURES,"129 RUE JEAN JAURES, 59880  St Saulve",59880,50.369331,3.552204
AGENCE SAINT QUENTIN - BNP PARIBAS,"23 rue Raspail, 02100  St Quentin",02100,49.84876033774,3.2873824276473
Cash Services - St Quentin PLACE DUFOUR DENELLE,"PLACE DUFOUR DENELLE, 02100  St Quentin",02100,49.843415,3.279115
Cash Services - Leers 18 RUE DES PATRIOTES,"18 RUE DES PATRIOTES, 59115  Leers",59115,50.679393,3.247329
AGENCE COMINES - BNP PARIBAS,"6 rue D Hurlupin, 59560  Comines",59560,50.765007422662,3.0075227827956
AGENCE TOURCOING - BNP PARIBAS,"2 rue Du General Leclerc, 59200  Tourcoing",59200,50.722601090998,3.1597754219063
Cash Services - Tourcoing 126 RUE DE GAND,"126 RUE DE GAND, 59200  Tourcoing",59200,50.730574,3.159245
Cash Services - Roncq BOULEVARD D HALLUIN,"BOULEVARD D HALLUIN, 59223  Roncq",59223,50.742925,3.132203
AGENCE ROYE - BNP PARIBAS,"2 rue Saint Pierre, 80700  Roye",80700,49.698005588558,2.7901446
Cash Services - Roncq 413 RUE DE LILLE,"413 RUE DE LILLE, 59223  Roncq",59223,50.753316,3.120525
Cash Services - St Quentin 2 RUE JACQUES BLANCHOT,"2 RUE JACQUES BLANCHOT, 02100  St Quentin",02100,49.836065,3.318229
AGENCE FRESNES SUR ESCAUT - BNP PARIBAS,"36 rue Jean Jaures, 59970  Fresnes Sur Escaut",59970,50.432641465699,3.5772531368807
AGENCE SAINT OMER - BNP PARIBAS,"5 Place Victor Hugo, 62500  Saint-Omer",62500,50.7484526,2.2520244
AGENCE HALLUIN - BNP PARIBAS,"69 rue De Lille, 59250  Halluin",59250,50.783504550008,3.1264677993363
Cash Services - Halluin 22 RUE DE LILLE,"22 RUE DE LILLE, 59250  Halluin",59250,50.785275,3.126541
AGENCE ABBEVILLE - BNP PARIBAS,"1 rue Du Pont D'Amour, 80100  Abbeville",80100,50.105211160157,1.8320795110451
Cash Services - Montdidier 7 PLACE PARMENTIER,"7 PLACE PARMENTIER, 80500  Montdidier",80500,49.648401,2.566936
AGENCE MONTREUIL SUR MER - BNP PARIBAS,"70 rue Pierre Ledent, 62170  Montreuil",62170,50.464264978471,1.7609579067459
AGENCE GUISE - BNP PARIBAS,"31 rue Des Docteurs Devillers, 02120  Guise",02120,49.900246397987,3.6295584908073
AGENCE RUE - BNP PARIBAS,"avenue Des Frères Caudron, 80120  Rue",80120,50.271447517888,1.6743765131059
AGENCE BRETEUIL SUR NOYE - BNP PARIBAS,"12 rue De La Republique, 60120  Breteuil",60120,49.633371055977,2.2949154516609
AGENCE NOYON - BNP PARIBAS,"29 place Bertrand Labarre, 60400  Noyon",60400,49.580843261686,3.0002318057832
Cash Services - Chauny 2 RUE DU MARECHAL JOFFRE,"2 RUE DU MARECHAL JOFFRE, 02300  Chauny",02300,49.623868,3.208887
Cash Services - Quaedypre 6 ROUTE NATIONALE,"6 ROUTE NATIONALE, 59380  Quaedypre",59380,50.930332,2.463863
AGENCE SAINT VALERY SUR SOMME - BNP PARIBAS,"43-45 Rue De La Ferte, 80230  Saint-Valery-Sur-Somme",80230,50.1856475,1.6417342
AGENCE AULNOYE AYMERIES - BNP PARIBAS,"77 rue De L Hotel De Ville, 59620  Aulnoye Aymeries",59620,50.1988655,3.8371018
AGENCE CHAUNY - BNP PARIBAS,"17 place Du Marche Couvert, 02300  Chauny",02300,49.612287681852,3.2208517582665
Cash Services - Berck 40 AVENUE DE VERDUN,"40 AVENUE DE VERDUN, 62602  Berck",62602,50.404738,1.596036
AGENCE ETAPLES SUR MER - BNP PARIBAS,"15 place Du General De Gaulle, 62630  Etaples",62630,50.514026919434,1.6393310161701
AGENCE AUDRUICQ - BNP PARIBAS,"366 place Du General De Gaulle, 62370  Audruicq",62370,50.878524631796,2.0799853291428
AGENCE BERCK SUR MER - BNP PARIBAS,"29 rue Carnot, 62600  Berck",62600,50.405916136033,1.5638623079693
Cash Services - Fressenneville 2 RUE ROGER SALENGRO,"2 RUE ROGER SALENGRO, 80390  Fressenneville",80390,50.067767,1.576469
Cash Services - St Just En Chaussee 2 RUE D AMIENS,"2 RUE D AMIENS, 60130  St Just En Chaussee",60130,49.506942,2.433556
Cash Services - Bourbourg 32 PLACE DU GENERAL DE GAULLE,"32 PLACE DU GENERAL DE GAULLE, 59630  Bourbourg",59630,50.94707,2.196715
AGENCE AVESNES SUR HELPE - BNP PARIBAS,"17 Rue Victor Hugo, 59440  Avesnes-Sur-Helpe",59440,50.121734588211,3.930017064418
AGENCE GRANDVILLIERS - BNP PARIBAS,"place Barbier, 60210  Grandvilliers",60210,49.664206557077,1.9397463100722
AGENCE LE TOUQUET - BNP PARIBAS,"41 rue Saint Jean, 62520  Le Touquet Paris Plage",62520,50.524087136362,1.5845281943205
AGENCE MAUBEUGE - BNP PARIBAS,"33 Mail De La Sambre, 59600  Maubeuge",59600,50.277143725577,3.9719008513816
Cash Services - Camiers 2 ESPL DE STE CECILE,"2 ESPL DE STE CECILE, 62176  Camiers",62176,50.575716,1.580382
Cash Services - Grande Synthe 28 AVENUE DE L ANCIEN VILLAGE,"28 AVENUE DE L ANCIEN VILLAGE, 59760  Grande Synthe",59760,51.011106,2.292809
Cash Services - Dunkerque 13 PLACE DU PALAIS DE JUSTICE,"13 PLACE DU PALAIS DE JUSTICE, 59140  Dunkerque",59140,51.031214,2.376209
AGENCE DUNKERQUE - BNP PARIBAS,"6 boulevard Sainte Barbe, 59140  Dunkerque",59140,51.034357409449,2.3792363951065
Cash Services - Clairoix RUE DU GENERAL DE GAULLE,"RUE DU GENERAL DE GAULLE, 60280  Clairoix",60280,49.440362,2.847148
AGENCE DUNKERQUE MALO - BNP PARIBAS,"38 place Turenne, 59240  Dunkerque",59240,51.047027319226,2.394954020285
Cash Services - Neufchatel Hardelot AVENUE DE LA CONCORDE,"AVENUE DE LA CONCORDE, 62152  Neufchatel Hardelot",62152,50.632595,1.579797
AGENCE GRAVELINES - BNP PARIBAS,"15 place Albert Denvers, 59820  Gravelines",59820,50.986066088543,2.1258439246085
Cash Services - Compiegne 25 RUE SOLFERINO,"25 RUE SOLFERINO, 60200  Compiegne",60200,49.418921,2.824729
AGENCE COMPIEGNE - BNP PARIBAS,"1 rue Magenta, 60200  Compiegne",60200,49.416424982273,2.8272542365779
Cash Services - Bray Dunes 1 PLACE JEROME RUBBEN,"1 PLACE JEROME RUBBEN, 59123  Bray Dunes",59123,51.078251,2.514661
AGENCE MARLE SUR SERRE - BNP PARIBAS,"place Francois Mitterrand, 02250  Marle",02250,49.739682070662,3.7709666423627
Cash Services - Grand Fort Philippe 24 RUE CHARLES DOLLET,"24 RUE CHARLES DOLLET, 59153  Grand Fort Philippe",59153,50.993858,2.111843
Cash Services - Boulogne Sur Mer 7 AVENUE DE LATTRE DE TASSIGNY,"7 AVENUE DE LATTRE DE TASSIGNY, 62200  Boulogne Sur Mer",62200,50.72754,1.619045
AGENCE VERVINS - BNP PARIBAS,"7 avenue Du Preau, 02140  Vervins",02140,49.833943745501,3.9032458532831
AGENCE BOULOGNE SUR MER VICTOR HUGO - BNP PARIBAS,"12-14 rue Victor Hugo, 62200  Boulogne-Sur-Mer",62200,50.723273173426,1.6050643073403
AGENCE MARQUISE - BNP PARIBAS,"22 place Louis Le Senechal, 62250  Marquise",62250,50.813920239808,1.7038448828212
Cash Services - Cuise La Motte 17 RUE DE SOISSONS,"17 RUE DE SOISSONS, 60350  Cuise La Motte",60350,49.403111,3.009144
AGENCE LE PORTEL - BNP PARIBAS,"23 rue Carnot, 62480  Le Portel",62480,50.707486035302,1.575218335582
AGENCE FOURMIES - BNP PARIBAS,"21 rue Saint Louis, 59610  Fourmies",59610,50.015910979832,4.0442668413205
AGENCE WIMEREUX - BNP PARIBAS,"25 rue Carnot, 62930  Wimereux",62930,50.768683585483,1.6116233324715
AGENCE LAON - BNP PARIBAS,"2 avenue Carnot, 02000  Laon",02000,49.568429719413,3.6242150924793
Cash Services - Calais 6 BOULEVARD JACQUARD,"6 BOULEVARD JACQUARD, 62100  Calais",62100,50.948324,1.856282
Cash Services - Calais 85 RUE MOLLIEN,"85 RUE MOLLIEN, 62100  Calais",62100,50.957585,1.872523
AGENCE CALAIS JACQUARD - BNP PARIBAS,"92 boulevard Jacquard, 62100  Calais",62100,50.950775754446,1.8541345172538
AGENCE CLERMONT DE L'OISE - BNP PARIBAS,"62 rue De La Republique, 60600  Clermont",60600,49.377480997108,2.4150995706132
Cash Services - Calais 9 RUE ROYALE,"9 RUE ROYALE, 62100  Calais",62100,50.956596,1.849419
Cash Services - Beauvais 2 B RUE DU DOCTEUR MAGNIER,"2 B RUE DU DOCTEUR MAGNIER, 60000  Beauvais",60000,49.44109,2.076293
AGENCE BEAUVAIS - BNP PARIBAS,"18 rue Du Docteur Gerard, 60000  Beauvais",60000,49.43002502024,2.079925937806
AGENCE HIRSON - BNP PARIBAS,"2 rue Des Ecoles, 02500  Hirson",02500,49.9242089,4.0812979
Cash Services - Verberie 19 RUE DE LA REPUBLIQUE,"19 RUE DE LA REPUBLIQUE, 60410  Verberie",60410,49.308885,2.728692
AGENCE PONT SAINTE MAXENCE - BNP PARIBAS,"16 rue Henri Bodchon, 60700  Pont Sainte Maxence",60700,49.3011366,2.6063853
AGENCE SOISSONS - BNP PARIBAS,"1 place De La Republique, 02200  Soissons",02200,49.376750013471,3.329241984073
AGENCE MOUY - BNP PARIBAS,"3 place Cantrel, 60250  Mouy",60250,49.319518764838,2.3200481781904
AGENCE NOAILLES - BNP PARIBAS,"7 rue De Calais, 60430  Noailles",60430,49.329703358155,2.1997326707876
AGENCE VALLEE DE L'OISE - BNP PARIBAS,"2 avenue Antoine Chanut, 60100  Creil",60100,49.2628465,2.473295
AGENCE CREPY EN VALOIS - BNP PARIBAS,"76 rue Nationale, 60800  Crepy En Valois",60800,49.237055240175,2.8879989639588
Cash Services - Ste Genevieve 91 RTE NATIONALE 1,"91 RTE NATIONALE 1, 60730  Ste Genevieve",60730,49.289819,2.200387
AGENCE VILLERS COTTERETS - BNP PARIBAS,"11 rue Alexandre Dumas, 02600  Villers Cotterets",02600,49.253365198563,3.0914258239426
Cash Services - Senlis QUARTIER BONSECOURS,"QUARTIER BONSECOURS, 60300  Senlis",60300,49.211181,2.593776
AGENCE SENLIS - BNP PARIBAS,"15 rue Bellon, 60300  Senlis",60300,49.205740690328,2.5880626114874
AGENCE SAINT LEU D'ESSERENT - BNP PARIBAS,"10 T place De La Republique, 60340  St Leu D Esserent",60340,49.216881451455,2.4179229809945
Cash Services - Chantilly 8 RUE DU CONNETABLE,"8 RUE DU CONNETABLE, 60500  Chantilly",60500,49.194748,2.479205
AGENCE CHANTILLY - BNP PARIBAS,"8 bis avenue Du Marechal Joffre, 60500  Chantilly",60500,49.19285119059,2.464574062534
Cash Services - Gouvieux 2 RUE CORBIER THIEBAUT,"2 RUE CORBIER THIEBAUT, 60270  Gouvieux",60270,49.188705,2.416042
AGENCE MERU - BNP PARIBAS,"92 rue Martyrs De La Resistance, 60110  Meru",60110,49.236184520047,2.1338136236102
Cash Services - Chaumont En Vexin 1 RUE DE LA REPUBLIQUE,"1 RUE DE LA REPUBLIQUE, 60240  Chaumont En Vexin",60240,49.264993,1.882837
AGENCE CHAMBLY - BNP PARIBAS,"63 place De L Hotel De Ville, 60230  Chambly",60230,49.166428805878,2.2439062981175
AGENCE CHATEAU THIERRY - BNP PARIBAS,"31 B avenue De Soissons, 02400  Chateau Thierry",02400,49.046546723084,3.3989772011887
