nom,adresse,code_postal,latitude,longitude
AGENCE MIONS - BNP PARIBAS,"rue Du 8 Mai 1945, 69780  Mions",69780,45.663159214838,4.9570490735352
Cash Services - Heyrieux 40 AVENUE DU GENERAL LECLERC,"40 AVENUE DU GENERAL LECLERC, 38540  Heyrieux",38540,45.629981,5.064401
AGENCE SAINT PRIEST - BNP PARIBAS,"16 place De L Hotel De Ville, 69800  St Priest",69800,45.694322666194,4.9351826363085
AGENCE SAINT SYMPHORIEN D'OZON - BNP PARIBAS,"11 quai Hector Berlioz, 69360  St Symphorien D Ozon",69360,45.632301207173,4.8563129705697
AGENCE GENAS - BNP PARIBAS,"8 place De La Republique, 69740  Genas",69740,45.732633087507,4.9978947395766
Cash Services - Venissieux 12 RUE PAUL BERT,"12 RUE PAUL BERT, 69200  Venissieux",69200,45.700267,4.885064
AGENCE VENISSIEUX - BNP PARIBAS,"47 avenue Jean Jaures, 69200  Venissieux",69200,45.70061016797,4.8823694728421
Cash Services - Feyzin PLACE CLAUDIUS BERY,"PLACE CLAUDIUS BERY, 69320  Feyzin",69320,45.665948,4.849793
Cash Services - Solaize 18 RUE DU RHONE,"18 RUE DU RHONE, 69360  Solaize",69360,45.640405,4.840492
AGENCE BRON - BNP PARIBAS,"154 avenue Franklin Roosevelt, 69500  Bron",69500,45.733085341473,4.9095332751235
AGENCE VILLEFONTAINE - BNP PARIBAS,"rue Marchande, Centre Commercial Les Roches, 38090  Villefontaine",38090,45.6183516,5.1521874
AGENCE SAINT FONS - BNP PARIBAS,"90 avenue Jean Jaures, 69190  St Fons",69190,45.709190216099,4.8550493822785
AGENCE MEYZIEU - BNP PARIBAS,"7 rue Louis Saulnier, 69330  Meyzieu",69330,45.766306917208,5.0035925257017
AGENCE LYON LE BACHUT - BNP PARIBAS,"319 avenue Berthelot, 69008  Lyon",69008,45.737616364878,4.8662600079346
Cash Services - Lyon 70 COURS DOCTEUR LONG,"70 COURS DOCTEUR LONG, 69003  Lyon",69003,45.749957,4.886047
AGENCE LYON MONTCHAT - BNP PARIBAS,"57 cours Du Docteur Long, 69003  Lyon",69003,45.749798010935,4.8851170977084
AGENCE DECINES CHARPIEU - BNP PARIBAS,"14 rue De La Republique, 69150  Decines Charpieu",69150,45.769897490939,4.959241621737
AGENCE LYON MONPLAISIR - BNP PARIBAS,"113 Avenue Des Freres Lumiere, 69008  Lyon",69008,45.7439502,4.8716906
Cash Services - Decines Charpieu 218 AVENUE JEAN JAURES,"218 AVENUE JEAN JAURES, 69150  Decines Charpieu",69150,45.770418,4.956962
AGENCE VAULX EN VELIN - BNP PARIBAS,"59-61 avenue Garibaldi, 69120  Vaulx-En-Velin",69120,45.767965991378,4.9360418337642
AGENCE VIENNE - BNP PARIBAS,"2 place De Miremont, 38200  Vienne",38200,45.524443745879,4.8751065196434
AGENCE LYON GERLAND DEBOURG - BNP PARIBAS,"249 avenue Jean Jaures, 69007  Lyon",69007,45.7324603244,4.8345218168727
AGENCE SAINT GENIS LAVAL - BNP PARIBAS,"99 avenue Georges Clemenceau, 69230  St Genis Laval",69230,45.695314285433,4.7936176895493
AGENCE OULLINS - BNP PARIBAS,"164 Grande Rue, 69600  Oullins",69600,45.71332997867,4.8048457604104
AGENCE LYON JEAN MACE - BNP PARIBAS,"place Jean Mace, 69007  Lyon",69007,45.7466821,4.8432659
AGENCE VILLEURBANNE PLACE ALBERT THOMAS - BNP PARIBAS,"48 cours Tolstoi, 69100  Villeurbanne",69100,45.763419857661,4.8737718
AGENCE VILLEURBANNE GRATTE CIEL - BNP PARIBAS,"1 avenue Henri Barbusse, 69100  Villeurbanne",69100,45.769288835311,4.8798205306884
AGENCE LYON SAXE GAMBETTA - BNP PARIBAS,"48 cours Gambetta, 69007  Lyon",69007,45.753978393176,4.8463760214611
AGENCE LYON 150 PART DIEU - BNP PARIBAS,"150 rue Du Docteur Bouchut, 69003  Lyon",69003,45.7593609,4.8551806
Cash Services - Oullins Pierre Benite 103 BOULEVARD EMILE ZOLA,"103 BOULEVARD EMILE ZOLA, OULLINS, 69600  Oullins Pierre Benite",69600,45.719621,4.800714
AGENCE LYON PROFESSIONS JURIDIQUES - BNP PARIBAS,"17 rue Voltaire, 69003  Lyon",69003,45.759967966051,4.8484797551639
AGENCE LYON CONFLUENCE - BNP PARIBAS,"106 cours Charlemagne, 69002  Lyon",69002,45.741837981059,4.819819578539
Cash Services - Villeurbanne 50 COURS EMILE ZOLA,"50 COURS EMILE ZOLA, 69100  Villeurbanne",69100,45.770778,4.867002
AGENCE VILLEURBANNE LES CHARPENNES - BNP PARIBAS,"5 place Charles Hernu, 69100  Villeurbanne",69100,45.770240351862,4.8637245480541
AGENCE GIVORS - BNP PARIBAS,"17 rue Victor Hugo, 69700  Givors",69700,45.588524957256,4.7707484897951
AGENCE LYON VICTOR HUGO - BNP PARIBAS,"37 rue Victor Hugo, 69002  Lyon",69002,45.7537946,4.8298402
Cash Services - Villeurbanne 34 AVENUE ROGER SALENGRO,"34 AVENUE ROGER SALENGRO, 69100  Villeurbanne",69100,45.775939,4.871148
AGENCE SAINTE FOY LES LYON - BNP PARIBAS,"19 boulevard Baron Du Marais, 69110  Sainte Foy Les Lyon",69110,45.735265334118,4.8048332454036
AGENCE LYON LAFAYETTE - BNP PARIBAS,"21 cours Lafayette, 69006  Lyon",69006,45.76374994407,4.8446827246063
AGENCE LYON BELLECOUR - BNP PARIBAS,"4 place Le Viste, 69002  Lyon",69002,45.7581704,4.833374
AGENCE LYON COURS VITTON - BNP PARIBAS,"29-31 cours Vitton, 69006  Lyon",69006,45.769662137933,4.8529723169097
AGENCE LYON FOCH - BNP PARIBAS,"1 avenue Du Marechal De Saxe, 69006  Lyon",69006,45.76846906342,4.8441421056452
AGENCE LYON GRENETTE - BNP PARIBAS,"39 rue Grenette, 69002  Lyon",69002,45.763535,4.8351125
Cash Services - Lyon 18 PLACE MARECHAL LYAUTEY,"18 PLACE MARECHAL LYAUTEY, 69006  Lyon",69006,45.767715,4.842023
AGENCE LYON INTERNATIONAL - BNP PARIBAS,"3-5 Rue De La Republique, 69001  Lyon",69001,45.7669971,4.8362273
AGENCE LYON TETE D'OR - BNP PARIBAS,"47-49 rue Duquesne, 69006  Lyon",69006,45.772945350651,4.8467193368053
AGENCE BRIGNAIS - BNP PARIBAS,"114 rue Du General De Gaulle, 69530  Brignais",69530,45.673573439994,4.7534333153766
AGENCE PONT DE CHERUY - BNP PARIBAS,"8 rue De La Republique, 38230  Pont De Cheruy",38230,45.750422698661,5.1724212503432
Cash Services - Ste Foy Les Lyon 5 AVENUE DE LIMBURG,"5 AVENUE DE LIMBURG, 69110  Ste Foy Les Lyon",69110,45.7342,4.780167
AGENCE LYON CROIX ROUSSE - BNP PARIBAS,"6 place De La Croix Rousse, 69004  Lyon",69004,45.775633229212,4.8321813726532
Cash Services - Ste Foy Les Lyon 125 RUE DU COMMANDANT CHARCOT,"125 RUE DU COMMANDANT CHARCOT, 69110  Ste Foy Les Lyon",69110,45.744514,4.784509
AGENCE LYON LE POINT DU JOUR - BNP PARIBAS,"2 rue Des Aqueducs, 69005  Lyon",69005,45.756626924375,4.7969592266444
AGENCE CHAPONOST - BNP PARIBAS,"54-56 avenue Paul Doumer, 69630  Chaponost",69630,45.711827115665,4.7471866868176
AGENCE LYON VAISE - BNP PARIBAS,"1 rue Du Chapeau Rouge, Les Orcades, 69009  Lyon",69009,45.773737139309,4.8070980847538
Cash Services - Miribel 1032 GRANDE RUE,"1032 GRANDE RUE, 01700  Miribel",01700,45.824213,4.953421
AGENCE MIRIBEL - BNP PARIBAS,"1080 Grande Rue, 01700  Miribel",01700,45.824332403872,4.9539951361537
AGENCE CALUIRE CASTELLANE - BNP PARIBAS,"19 rue Jean Moulin, 69300  Caluire Et Cuire",69300,45.799040910075,4.8462424403474
AGENCE TASSIN REPUBLIQUE - BNP PARIBAS,"47 avenue De La Republique, 69160  Tassin La Demi Lune",69160,45.763796722429,4.7795389071312
AGENCE LYON MONTS D'OR - BNP PARIBAS,"120 rue Saint Cyr, 69009  Lyon",69009,45.788165651022,4.8087400239426
AGENCE ECULLY - BNP PARIBAS,"16 avenue De Veyssiere, 69130  Ecully",69130,45.77455263011,4.7793590012234
Cash Services - Bourgoin Jallieu 27 AVENUE DU GRAND TISSAGE,"27 AVENUE DU GRAND TISSAGE, 38300  Bourgoin Jallieu",38300,45.590685,5.274473
AGENCE COLLONGES AU MONT D'OR - BNP PARIBAS,"19 rue De Treves Paque, 69660  Collonges Au Mont D Or",69660,45.816577407275,4.8403294201809
AGENCE CHAMPAGNE AU MONT D'OR - BNP PARIBAS,"44 avenue Lanessan, 69410  Champagne Au Mont D Or",69410,45.795197933033,4.7927406091926
AGENCE BOURGOIN JALLIEU - BNP PARIBAS,"2 Rue De La Republique, 38300  Bourgoin-Jallieu",38300,45.5851884,5.2775927
AGENCE CRAPONNE - BNP PARIBAS,"96 avenue Edouard Millaud, 69290  Craponne",69290,45.747441947298,4.7224186134918
AGENCE MORNANT - BNP PARIBAS,"13 rue Du Souvenir, 69440  Mornant",69440,45.620409599184,4.6725783423753
AGENCE CHARBONNIERES - BNP PARIBAS,"5 avenue General De Gaulle, 69260  Charbonnieres Les Bains",69260,45.785254103451,4.7353028913901
AGENCE DARDILLY - BNP PARIBAS,"18 chemin De Gargantua, 69570  Dardilly",69570,45.818912144381,4.7584034432136
AGENCE LIMONEST - BNP PARIBAS,"268 avenue Du General De Gaulle, 69760  Limonest",69760,45.8360526,4.7715811
AGENCE NEUVILLE SUR SAONE - BNP PARIBAS,"7 quai Pasteur, 69250  Neuville Sur Saone",69250,45.876411198421,4.8386163785169
Cash Services - Genay 198 ROUTE DE TREVOUX,"198 ROUTE DE TREVOUX, 69730  Genay",69730,45.888156,4.829883
Cash Services - St Germain Au Mont D Or PLACE DU 11 NOVEMBRE 1918,"PLACE DU 11 NOVEMBRE 1918, 69650  St Germain Au Mont D Or",69650,45.883964,4.803489
AGENCE RIVE DE GIER - BNP PARIBAS,"1 rue De La Republique, 42800  Rive De Gier",42800,45.52865956347,4.6137542005874
Cash Services - Lissieu 90 ROUTE NATIONALE 6,"90 ROUTE NATIONALE 6, 69380  Lissieu",69380,45.864046,4.742551
Cash Services - Meximieux 23 RUE DE LYON,"23 RUE DE LYON, 01800  Meximieux",01800,45.902162,5.190734
AGENCE MEXIMIEUX - BNP PARIBAS,"20 rue De Lyon, 01800  Meximieux",01800,45.902387020565,5.1906346687866
Cash Services - Beaurepaire 48 RUE DE LA REPUBLIQUE,"48 RUE DE LA REPUBLIQUE, 38270  Beaurepaire",38270,45.338691,5.053448
Cash Services - L Arbresle ZONE INDUSTRIELLE DES MARTINETS,"ZONE INDUSTRIELLE DES MARTINETS, 69210  L Arbresle",69210,45.824989,4.607182
AGENCE LA TOUR DU PIN - BNP PARIBAS,"12 rue Des Recollets, 38110  La Tour Du Pin",38110,45.564595304242,5.4451142557791
Cash Services - La Tour Du Pin 59 BOULEVARD GAMBETTA,"59 BOULEVARD GAMBETTA, 38110  La Tour Du Pin",38110,45.566475,5.448198
Cash Services - Trevoux 3 BOULEVARD DES COMBATTANTS,"3 BOULEVARD DES COMBATTANTS, 01600  Trevoux",01600,45.940535,4.779498
AGENCE MORESTEL - BNP PARIBAS,"9 place Saint Symphorien, 38510  Morestel",38510,45.677376154458,5.4689507665238
Cash Services - Villars Les Dombes 434 AVENUE CHARLES DE GAULLE,"434 AVENUE CHARLES DE GAULLE, 01330  Villars Les Dombes",01330,46.002624,5.031298
Cash Services - St Chamond 28 RUE VICTOR HUGO,"28 RUE VICTOR HUGO, 42400  St Chamond",42400,45.474644,4.516534
Cash Services - St Rambert D Albon A7,"A7, 26140  St Rambert D Albon",26140,45.288221,4.822465
AGENCE SAINT CHAMOND - BNP PARIBAS,"44 rue De La Republique, 42400  Saint-Chamond",42400,45.476630815543,4.5109094570431
AGENCE VILLEFRANCHE LIMAS - BNP PARIBAS,"86 route Des Chantier Du Beaujolais, 69400  Limas",69400,45.9783101,4.7178437
AGENCE VILLEFRANCHE SUR SAONE - BNP PARIBAS,"43-45 Rue De La Sous-prefecture, 69400  Villefranche-Sur-Saone",69400,45.9888599,4.7179414
AGENCE AMBERIEU EN BUGEY - BNP PARIBAS,"58 rue Alexandre Berard, 01500  Amberieu En Bugey",01500,45.96417684585,5.3563045730164
AGENCE LA TALAUDIERE - BNP PARIBAS,"38 rue Victor Hugo, 42350  La Talaudiere",42350,45.480708537227,4.434116161377
Cash Services - Davezieux 15 RUE DE LA JUSTICE,"15 RUE DE LA JUSTICE, 07430  Davezieux",07430,45.261145,4.705089
Cash Services - Annonay QUARTIER BEL AIR,"QUARTIER BEL AIR, 07100  Annonay",07100,45.249149,4.666202
AGENCE ANNONAY - BNP PARIBAS,"1 place Des Cordeliers, 07100  Annonay",07100,45.240374598467,4.6728599320406
AGENCE SAINT ETIENNE COURS FAURIEL - BNP PARIBAS,"67 cours Fauriel, 42000  Saint-Etienne",42000,45.426628260836,4.405159261377
AGENCE SAINT ETIENNE LA TERRASSE - BNP PARIBAS,"1 place Massenet, 42000  St Etienne",42000,45.465488902116,4.3783601773155
AGENCE RIVES SUR FURE - BNP PARIBAS,"49 rue De La Republique, 38140  Rives Sur Fure",38140,45.349341598766,5.5039635938658
Cash Services - Renage RUE DE LA REPUBLIQUE,"RUE DE LA REPUBLIQUE, 38140  Renage",38140,45.332512,5.485429
AGENCE TARARE - BNP PARIBAS,"70 rue De La Republique, 69170  Tarare",69170,45.895531621897,4.4342092568548
AGENCE SAINT ETIENNE HOTEL DE VILLE - BNP PARIBAS,"2 rue Gerentet, 42000  St Etienne",42000,45.439785088489,4.3879261711639
AGENCE SAINT ETIENNE BELLEVUE - BNP PARIBAS,"2 place Bellevue, 42000  St Etienne",42000,45.416650075851,4.393352225795
Cash Services - Tullins 55 RUE GENERAL DE GAULLE,"55 RUE GENERAL DE GAULLE, 38210  Tullins",38210,45.298407,5.483576
AGENCE TULLINS - BNP PARIBAS,"place Du Docteur Valois, 38210  Tullins",38210,45.297946147469,5.4837179717583
AGENCE BELLEVILLE SUR SAONE - BNP PARIBAS,"2 rue Paulin Bussieres, 69220  Belleville",69220,46.1095642,4.7462292
AGENCE VOIRON - BNP PARIBAS,"22 cours Senozan, 38500  Voiron",38500,45.365416082388,5.5908320700497
AGENCE VEAUCHE - BNP PARIBAS,"2 bis avenue Paccard, 42340  Veauche",42340,45.561966869497,4.2774747085675
Cash Services - Belley 22 BOULEVARD DU MAIL,"22 BOULEVARD DU MAIL, 01300  Belley",01300,45.760275,5.688633
AGENCE BELLEY - BNP PARIBAS,"rue Saint Jean, 01300  Belley",01300,45.759450558276,5.6902264073402
AGENCE ROCHE LA MOLIERE - BNP PARIBAS,"14 rue Hippolyte Sauzea, 42230  Roche La Moliere",42230,45.434620248362,4.3229235539502
AGENCE ANDREZIEUX - BNP PARIBAS,"2 rue De La Fabrique, Residence Voltaire, 42160  Andrezieux Boutheon",42160,45.524271343375,4.2572119535521
AGENCE SAINT MARCELLIN - BNP PARIBAS,"6 place Jean Vinay, 38160  Saint Marcellin",38160,45.154042605311,5.3211783330653
AGENCE FEURS - BNP PARIBAS,"14 rue De La Republique, 42110  Feurs",42110,45.743643316917,4.2244606280984
Cash Services - Plateau D Hauteville 145 RUE DU 8 MAI 1945,"145 RUE DU 8 MAI 1945, HAUTEVILLE LOMPNES, 01110  Plateau D Hauteville",01110,45.976821,5.600405
AGENCE FIRMINY - BNP PARIBAS,"8 place Du Breuil, 42700  Firminy",42700,45.388816371722,4.2878685951065
Cash Services - Fraisses PLACE JEAN RIST,"PLACE JEAN RIST, 42490  Fraisses",42490,45.389062,4.266153
AGENCE VOREPPE - BNP PARIBAS,"6 avenue Henri Chapays, 38340  Voreppe",38340,45.298177609122,5.6359963766517
AGENCE AMPLEPUIS - BNP PARIBAS,"1 place De L Hotel De Ville, 69550  Amplepuis",69550,45.973120625708,4.3317481566133
Cash Services - Tain L Hermitage 450 AVENUE DES LOTS,"450 AVENUE DES LOTS, 26600  Tain L Hermitage",26600,45.069164,4.865998
Cash Services - Tain L Hermitage 1 PLACE DU TAUROBOLE,"1 PLACE DU TAUROBOLE, BP 1, 26600  Tain L Hermitage",26600,45.070668,4.836327
AGENCE TOURNON SUR RHONE - BNP PARIBAS,"rue Thiers Et Rue Du Parc, 07300  Tournon Sur Rhone",07300,45.065900356265,4.8346017068566
AGENCE BOURG EN BRESSE - BNP PARIBAS,"6 rue Clavagry, 01000  Bourg En Bresse",01000,46.204215030799,5.2238670206939
AGENCE ROMANS - BNP PARIBAS,"70 place Jean Jaures, 26100  Romans Sur Isere",26100,45.045942978891,5.0505869262687
Cash Services - Bourg En Bresse 2 RUE JEAN MORGON,"2 RUE JEAN MORGON, 01000  Bourg En Bresse",01000,46.213396,5.219456
Cash Services - Fontanil Cornillon GRANDE RUE,"GRANDE RUE, 38120  Fontanil Cornillon",38120,45.256996,5.662181
AGENCE LA MOTTE SERVOLEX - BNP PARIBAS,"19 Residence Sainte Anne, Batiment C, 73290  La Motte Servolex",73290,45.597474820738,5.8753552558197
AGENCE SAINT EGREVE - BNP PARIBAS,"4 rue De Saint Robert, 38120  Saint-Egreve",38120,45.2342071,5.6780607
Cash Services - Sassenage 6 B PLACE DE LA LIBERATION,"6 B PLACE DE LA LIBERATION, 38360  Sassenage",38360,45.207264,5.663111
AGENCE MONTBRISON - BNP PARIBAS,"6 place Grenette, 42600  Montbrison",42600,45.6068716,4.0629431
AGENCE AIX LES BAINS - BNP PARIBAS,"185 rue Du Casino, 73100  Aix Les Bains",73100,45.6889171,5.9136829
Cash Services - Chambery 76 AVENUE DU COMTE VERT,"76 AVENUE DU COMTE VERT, 73000  Chambery",73000,45.570685,5.915079
Cash Services - St Jean En Royans 13 PLACE DU CHAMP DE MARS,"13 PLACE DU CHAMP DE MARS, 26190  St Jean En Royans",26190,45.018759,5.293001
AGENCE COURS LA VILLE - BNP PARIBAS,"8 place De La Liberation, 69470  Cours",69470,46.099682557729,4.3204861907897
AGENCE CHAMBERY - BNP PARIBAS,"3 place De L'Hotel De Ville, 73000  Chambery",73000,45.5663229,5.92111
AGENCE GRESY SUR AIX - BNP PARIBAS,"83 chemin Du Moulin, 73100  Gresy Sur Aix",73100,45.721469352191,5.9233380470004
AGENCE FONTAINE VERCORS - BNP PARIBAS,"6 boulevard Paul Langevin, 38600  Fontaine",38600,45.189370599795,5.6837451624267
Cash Services - Monistrol Sur Loire 18 AVENUE DE LA LIBERATION,"18 AVENUE DE LA LIBERATION, 43120  Monistrol Sur Loire",43120,45.291751,4.172319
AGENCE MONISTROL SUR LOIRE - BNP PARIBAS,"13 avenue De La Liberation, 43120  Monistrol Sur Loire",43120,45.291788769961,4.1716928729853
AGENCE MONTREAL LA CLUSE - BNP PARIBAS,"1 avenue De Bresse, 01460  Montreal La Cluse",01460,46.170754663373,5.5760258695626
AGENCE GRENOBLE EUROPOLE - BNP PARIBAS,"25-27 rue Pierre Semard, 38000  Grenoble",38000,45.190160952356,5.7127126408438
Cash Services - Grenoble 1 RUE JEAN PREVOST,"1 RUE JEAN PREVOST, 38000  Grenoble",38000,45.182971,5.717003
AGENCE GRENOBLE VICTOR HUGO - BNP PARIBAS,"14 place Victor Hugo, 38000  Grenoble",38000,45.1880077,5.7244419
AGENCE GRENOBLE ILE VERTE - BNP PARIBAS,"41 avenue Du Marechal Randon, Bat. Emeraude, 38000  Grenoble",38000,45.19601443172,5.7354649487323
Cash Services - Boen Sur Lignon 562 CHEMIN DE GIRAUD,"562 CHEMIN DE GIRAUD, 42130  Boen Sur Lignon",42130,45.735077,4.010249
Cash Services - Grenoble 11 PLACE GUSTAVE RIVET,"11 PLACE GUSTAVE RIVET, 38000  Grenoble",38000,45.181603,5.727521
AGENCE MEYLAN - BNP PARIBAS,"19 avenue De La Plaine Fleurie, 38240  Meylan",38240,45.206291673908,5.7576032555595
Cash Services - Grenoble 40 AVENUE LEON BLUM,"40 AVENUE LEON BLUM, 38100  Grenoble",38100,45.167713,5.717597
Cash Services - St Peray 9 PLACE DE L HOTEL DE VILLE,"9 PLACE DE L HOTEL DE VILLE, 07130  St Peray",07130,44.944898,4.841931
AGENCE GUILHERAND GRANGES - BNP PARIBAS,"34 rue Alexandre Dumas, Immeuble Santa Estella, 07500  Guilherand Granges",07500,44.935046,4.8770952
Cash Services - St Jeoire Prieure 70 ROUTE NATIONALE 6,"70 ROUTE NATIONALE 6, 73190  St Jeoire Prieure",73190,45.539223,5.989016
AGENCE ECHIROLLES MAIRIE - BNP PARIBAS,"48 avenue Du 8 Mai 1945, 38130  Echirolles",38130,45.149261983258,5.7176397846558
AGENCE SAINT ISMIER - BNP PARIBAS,"chemin Du Rivet, 38330  Saint Ismier",38330,45.243988539429,5.8280082081817
AGENCE VALENCE - BNP PARIBAS,"1 boulevard Bancel, 26000  Valence",26000,44.930730453491,4.8916547219815
AGENCE SAINT MARTIN D'HERES - BNP PARIBAS,"140 avenue Gabriel Peri, 38400  St Martin D Heres",38400,45.183824204206,5.7683859134614
AGENCE LE PONT DE CLAIX - BNP PARIBAS,"2 Avenue Du Maquis De L'oisans, 38800  Le Pont-De-Claix",38800,45.1230822,5.6982575
Cash Services - Valence 21 RUE HENRI BARBUSSE,"21 RUE HENRI BARBUSSE, 26000  Valence",26000,44.918717,4.91331
AGENCE CROLLES - BNP PARIBAS,"480 rue Des Sources, 38920  Crolles",38920,45.27179478619,5.8923477491696
AGENCE DOMENE - BNP PARIBAS,"4 rue Amelie Fauveau, 38420  Domene",38420,45.20252942153,5.8377976398812
Cash Services - Cusy PLACE DE LA PALLUD,"PLACE DE LA PALLUD, 74540  Cusy",74540,45.764941,6.030193
AGENCE LE COTEAU - BNP PARIBAS,"1 avenue De La Republique, 42120  Le Coteau",42120,46.028367424646,4.0847217263199
Cash Services - Villard Bonnot 2 AVENUE ROBERT HUANT,"2 AVENUE ROBERT HUANT, 38190  Villard Bonnot",38190,45.258554,5.908376
Cash Services - Roanne 62 RUE JEAN JAURES,"62 RUE JEAN JAURES, BP 507, 42308  Roanne",42308,46.035257,4.073477
AGENCE PONTCHARRA - BNP PARIBAS,"41 rue Du Dauphine, Zac Centre Ville, 38530  Pontcharra",38530,45.43098068076,6.0207509509285
AGENCE ROANNE - BNP PARIBAS,"61 rue Jean Jaures, 42300  Roanne",42300,46.035547414346,4.0714524433819
Cash Services - St Martin D Uriage 31 ROUTE D URIAGE,"31 ROUTE D URIAGE, 38410  St Martin D Uriage",38410,45.1395,5.792745
Cash Services - Portes Les Valence 55 B RUE JEAN JAURES,"55 B RUE JEAN JAURES, 26800  Portes Les Valence",26800,44.875795,4.877621
AGENCE PORTES LES VALENCE - BNP PARIBAS,"4 rue Emile Zola, 26800  Portes Les Valence",26800,44.874772553382,4.877276410157
AGENCE CHARLIEU - BNP PARIBAS,"7 Boulevard Eugenie Guinault, 42190  Charlieu",42190,46.1574695,4.1732281
AGENCE OYONNAX - BNP PARIBAS,"124 rue Anatole France, 01100  Oyonnax",01100,46.257718373708,5.6561033398812
Cash Services - Vaulnaveys Le Haut 594 AVENUE D URIAGE,"594 AVENUE D URIAGE, 38410  Vaulnaveys Le Haut",38410,45.119301,5.811202
Cash Services - Yssingeaux 1 PLACE CHARLES DE GAULLE,"1 PLACE CHARLES DE GAULLE, 43200  Yssingeaux",43200,45.142676,4.12343
AGENCE VIZILLE - BNP PARIBAS,"1 place De La Liberation, 38220  Vizille",38220,45.075638345214,5.7726313478561
Cash Services - Sillingy 1260 ROUTE DE CLERMONT,"1260 ROUTE DE CLERMONT, 74330  Sillingy",74330,45.946031,6.034503
Cash Services - Les Adrets PRAPOUTEL,"PRAPOUTEL, 38190  Les Adrets",38190,45.256008,5.993033
Cash Services - La Balme De Sillingy 34 ROUTE DE PARIS,"34 ROUTE DE PARIS, 74330  La Balme De Sillingy",74330,45.960288,6.040959
Cash Services - Poisy ROUTE DES CREUSETTES,"ROUTE DES CREUSETTES, 74330  Poisy",74330,45.915439,6.081744
Cash Services - Valgelon La Rochette 10 PLACE ANTOINE PERRIER,"10 PLACE ANTOINE PERRIER, LA ROCHETTE, 73110  Valgelon La Rochette",73110,45.456773,6.119084
AGENCE SEYNOD - BNP PARIBAS,"17 place Saint Jean, 74600  Annecy",74600,45.88792835207,6.100848052404
AGENCE VALLEIRY - BNP PARIBAS,"14 route De Saint Julien, 74520  Valleiry",74520,46.107878461669,5.968232010416
AGENCE ANNECY ROYALE - BNP PARIBAS,"27 rue Royale, 74000  Annecy",74000,45.899563239602,6.1220523298906
Cash Services - Annecy 73 AVENUE DE GENEVE,"73 AVENUE DE GENEVE, 74000  Annecy",74000,45.914721,6.123476
Cash Services - St Jorioz 226 ROUTE DE L EGLISE,"226 ROUTE DE L EGLISE, 74410  St Jorioz",74410,45.832317,6.161703
AGENCE ANNECY PARMELAN - BNP PARIBAS,"24 avenue Du Parmelan, Immeuble Le Star, 74000  Annecy",74000,45.905702344559,6.1331755334885
AGENCE LA VOULTE - BNP PARIBAS,"2 rue Rampon, 07800  La Voulte Sur Rhone",07800,44.8002894,4.7813364
AGENCE ANNECY LE VIEUX ALBIGNY - BNP PARIBAS,"8 rue Centrale, 74940  Annecy",74940,45.906110536852,6.1457958797623
AGENCE CREST - BNP PARIBAS,"17 rue Paul Pons, 26400  Crest",26400,44.728621815107,5.0202561143191
AGENCE SAINT JULIEN EN GENEVOIS - BNP PARIBAS,"3 avenue De Geneve, 74160  St Julien En Genevois",74160,46.144189762136,6.0817418250965
AGENCE LA MURE - BNP PARIBAS,"63 Rue Du Breuil, 38350  La Mure",38350,44.906855,5.7872703
AGENCE LE BOURG D'OISANS - BNP PARIBAS,"7 avenue De La Republique, 38520  Le Bourg D Oisans",38520,45.05442971573,6.0298839248426
AGENCE SAINT GENIS POUILLY - BNP PARIBAS,"32 rue De Geneve, 01630  St Genis Pouilly",01630,46.24204875356,6.0245781157497
AGENCE PRIVAS - BNP PARIBAS,"cours De L Esplanade, 07000  Privas",07000,44.734648088821,4.5976527140715
Cash Services - Brives Charensac 127 AVENUE CHARLES DUPUY,"127 AVENUE CHARLES DUPUY, 43700  Brives Charensac",43700,45.050221,3.912129
AGENCE LE PUY - BNP PARIBAS,"11 avenue Georges Clemenceau, 43000  Le Puy En Velay",43000,45.0419433,3.8873235
AGENCE ALBERTVILLE - BNP PARIBAS,"15 rue De La Republique, 73200  Albertville",73200,45.677692767236,6.3920800220901
AGENCE FERNEY VOLTAIRE - BNP PARIBAS,"46 avenue Voltaire, 01210  Ferney Voltaire",01210,46.258121541072,6.1127136938484
AGENCE SAINT JEAN DE MAURIENNE - BNP PARIBAS,"43 place Fodere, 73300  St Jean De Maurienne",73300,45.277688702565,6.3429547576721
AGENCE LA ROCHE SUR FORON - BNP PARIBAS,"11 place De La Republique, 74800  La Roche Sur Foron",74800,46.066543167141,6.3125959209955
Cash Services - Etrembieres 21 RUE DE L INDUSTRIE,"21 RUE DE L INDUSTRIE, 74100  Etrembieres",74100,46.180952,6.232621
AGENCE ANNEMASSE - BNP PARIBAS,"10 rue Du Capitaine Charles Dupraz, 74100  Annemasse",74100,46.190945941674,6.2349920455841
Cash Services - Annemasse PLACE ANTOINE LUMIERE,"PLACE ANTOINE LUMIERE, 74100  Annemasse",74100,46.196459,6.236285
AGENCE THIERS - BNP PARIBAS,"rue Jean Moulin, Galerie Des Molles, 63300  Thiers",63300,45.848786674502,3.5352543635071
Cash Services - La Clusaz 5 ROUTE DE LA PISCINE,"5 ROUTE DE LA PISCINE, 74220  La Clusaz",74220,45.90643,6.426896
AGENCE DIVONNE - BNP PARIBAS,"557 avenue De Geneve, 01220  Divonne Les Bains",01220,46.35177476282,6.1426225411012
AGENCE BONNEVILLE - BNP PARIBAS,"47 rue Du Pont, 74130  Bonneville",74130,46.076665755154,6.4081313709464
AGENCE MONTELIMAR - BNP PARIBAS,"10 place Emile Loubet, 26200  Montelimar",26200,44.557505681983,4.7489832272587
AGENCE AUBENAS - BNP PARIBAS,"31 boulevard Gambetta, 07200  Aubenas",07200,44.619627411995,4.3910839534889
AGENCE MONTELIMAR PORTE DE PROVENCE - BNP PARIBAS,"chemin Des Blaches, 26200  Montelimar",26200,44.533781558465,4.7463553396203
AGENCE DOUVAINE - BNP PARIBAS,"8 place De L Hotel De Ville, 74140  Douvaine",74140,46.305736486675,6.3023234711641
Cash Services - Thyez 2525 AVENUE DES VALLEES,"2525 AVENUE DES VALLEES, 74300  Thyez",74300,46.086448,6.523751
AGENCE BRIOUDE - BNP PARIBAS,"1 boulevard Vercingetorix, 43100  Brioude",43100,45.292202305787,3.3824289760921
AGENCE SALLANCHES - BNP PARIBAS,"place Charles Albert, 74700  Sallanches",74700,45.935521815336,6.6313538563446
AGENCE CLUSES - BNP PARIBAS,"174 place Charles De Gaulle, 74300  Cluses",74300,46.060125885179,6.5792720515205
AGENCE VICHY - BNP PARIBAS,"27 rue Georges Clemenceau, 03200  Vichy",03200,46.125455009304,3.4225445846557
Cash Services - Perrignier 154 ROUTE DE THONON,"154 ROUTE DE THONON, 74550  Perrignier",74550,46.30434,6.437924
AGENCE ISSOIRE - BNP PARIBAS,"12 boulevard Albert Buisson, 63500  Issoire",63500,45.544810662229,3.2472245687172
Cash Services - Morillon CHEF LIEU,"CHEF LIEU, 74440  Morillon",74440,46.083514,6.676337
AGENCE COURNON D'AUVERGNE - BNP PARIBAS,"31 B avenue De La Liberation, 63800  Cournon D Auvergne",63800,45.733000252854,3.1921967445169
AGENCE THONON LES BAINS - BNP PARIBAS,"4 place Des Arts, 74200  Thonon Les Bains",74200,46.37037917881,6.4799561035533
AGENCE PIERRELATTE - BNP PARIBAS,"3 avenue Jean Perrin, 26700  Pierrelatte",26700,44.376820845626,4.6991332699058
AGENCE NYONS - BNP PARIBAS,"avenue Paul Laurens, 26110  Nyons",26110,44.360120102568,5.1365575162047
AGENCE SAINT PAUL TROIS CHATEAUX - BNP PARIBAS,"place Saint Jean, 26130  St Paul Trois Chateaux",26130,44.347733276562,4.7667305606785
Cash Services - Morzine 196 ROUTE DE LA PLAGNE,"196 ROUTE DE LA PLAGNE, 74110  Morzine",74110,46.18284,6.702624
AGENCE AUBIERE - BNP PARIBAS,"2 rue Des Ramacles, 63170  Aubiere",63170,45.749799519056,3.1128649669342
Cash Services - Clermont Ferrand 3 PLACE DE LA FONTAINE,"3 PLACE DE LA FONTAINE, 63100  Clermont Ferrand",63100,45.79085,3.113485
AGENCE CLERMONT FERRAND REPUBLIQUE - BNP PARIBAS,"91 avenue De La Republique, Green Park, 63000  Clermont Ferrand",63000,45.786459224982,3.103206490091
AGENCE CLERMONT FERRAND NEUFS SOLEILS - BNP PARIBAS,"84 avenue Leon Blum, 63000  Clermont Ferrand",63000,45.766800153578,3.095940987836
AGENCE GANNAT - BNP PARIBAS,"6 cours De La République, 03800  Gannat",03800,46.101387831243,3.1977005342626
AGENCE RIOM - BNP PARIBAS,"12 rue De L Hotel De Ville, 63200  Riom",63200,45.893899915408,3.1167128979082
Cash Services - Clermont Ferrand 11 RUE HENRI POURRAT,"11 RUE HENRI POURRAT, 63000  Clermont Ferrand",63000,45.762956,3.089943
AGENCE CLERMONT FERRAND JAUDE - BNP PARIBAS,"11 place De Jaude, 63000  Clermont Ferrand",63000,45.776761180616,3.0826818668647
AGENCE CHAMONIX - BNP PARIBAS,"111 rue Paccard, Immeuble Le Pavillon, 74400  Chamonix Mont Blanc",74400,45.9221113,6.8683880999999
Cash Services - Clermont Ferrand 81 RUE FONTGIEVE,"81 RUE FONTGIEVE, 63004  Clermont Ferrand",63004,45.780722,3.076565
Cash Services - Chamonix Mont Blanc 79 AVENUE DU MONT BLANC,"79 AVENUE DU MONT BLANC, 74400  Chamonix Mont Blanc",74400,45.925227,6.870929
AGENCE CHAMALIERES - BNP PARIBAS,"6 rue Hippolyte Chatrousse, 63400  Chamalieres",63400,45.776186557217,3.0678302840614
AGENCE EVIAN LES BAINS - BNP PARIBAS,"56 rue Nationale, 74500  Evian Les Bains",74500,46.400501709426,6.5902831141209
AGENCE LEMAN INTERNATIONAL - BNP PARIBAS,"56 Rue Nationale, 74500  Evian Les Bains",74500,46.400501709426,6.5902831141209
AGENCE SAINT POURCAIN SUR SIOULE - BNP PARIBAS,"14 place Georges Clemenceau, 03500  St Pourcain Sur Sioule",03500,46.30833088029,3.2910114998728
Cash Services - Chamonix Mont Blanc 4 ROUTE DU VILLAGE,"4 ROUTE DU VILLAGE, 74400  Chamonix Mont Blanc",74400,45.984022,6.927024
Cash Services - St Nectaire AVENUE JEAN GIRAUDON,"AVENUE JEAN GIRAUDON, 63710  St Nectaire",63710,45.586928,2.99282
AGENCE SAINT FLOUR - BNP PARIBAS,"6 rue Du Docteur Mallet, 15100  St Flour",15100,45.0334074,3.0849739
AGENCE MOULINS - BNP PARIBAS,"5 rue Datas, 03000  Moulins",03000,46.564210353914,3.3298943025137
AGENCE SAINT ELOY LES MINES - BNP PARIBAS,"140 Rue Jean Jaures, 63700  Saint-Eloy-Les-Mines",63700,46.1634963,2.8329542
AGENCE BOURBON L'ARCHAMBAULT - BNP PARIBAS,"8 rue De La Burge, 03160  Bourbon L Archambault",03160,46.586606838923,3.0586148688762
Cash Services - Commentry 18 PLACE DU 14 JUILLET,"18 PLACE DU 14 JUILLET, 03600  Commentry",03600,46.289212,2.742015
AGENCE COMMENTRY - BNP PARIBAS,"35 Bis Rue Jean Jaures, 03600  Commentry",03600,46.2912811,2.7406822
AGENCE MONTLUCON - BNP PARIBAS,"3 rue Albert Einstein, 03100  Montlucon",03100,46.34829534005,2.5996572042297
Cash Services - Montlucon 95 AVENUE JULES GUESDE,"95 AVENUE JULES GUESDE, 03100  Montlucon",03100,46.337638,2.581105
AGENCE AURILLAC - BNP PARIBAS,"3 place Du Square, 15000  Aurillac",15000,44.928660433875,2.444236030397
