nom,adresse,code_postal,latitude,longitude
AGENCE PARIS AVENUE DU MAINE 14E - BNP PARIBAS,"103 avenue Du Maine, 75014  Paris",75014,48.836638941838,2.3235504711639
AGENCE PARIS VAVIN - BNP PARIBAS,"117 boulevard Du Montparnasse, 75006  Paris",75006,48.842028989973,2.3302292201213
AGENCE PARIS PORT ROYAL 14E - BNP PARIBAS,"49 avenue De L Observatoire, 75014  Paris",75014,48.839340520806,2.3370802795721
AGENCE PARIS RUE DE RENNES - BNP PARIBAS,"169 Rue De Rennes, 75006  Paris",75006,48.8443411,2.324677
AGENCE PARIS MONTPARNASSE - BNP PARIBAS,"20 boulevard Vaugirard, 75015  Paris",75015,48.8417881,2.3185918
AGENCE PARIS GENERAL LECLERC 14E - BNP PARIBAS,"53 avenue Du General Leclerc, 75014  Paris",75014,48.829508955305,2.3286203076755
AGENCE PARIS ALESIA 14E - BNP PARIBAS,"90 avenue Du General Leclerc, 75014  Paris",75014,48.827361561408,2.3263333214264
AGENCE PARIS DUROC - BNP PARIBAS,"64 Rue De Sevres, 75007  Paris",75007,48.8480268,2.3194519
Cash Services - Paris 75 RUE DE RENNES,"75 RUE DE RENNES, 75006  Paris",75006,48.850628,2.330579
AGENCE PARIS MEDICIS - BNP PARIBAS,"1 rue De Medicis, 75006  Paris",75006,48.849004245298,2.33917034713
AGENCE PARIS QUARTIER LATIN - BNP PARIBAS,"7 Rue Soufflot, 75005  Paris",75005,48.846557,2.3435549
AGENCE PARIS AVENUE DE BRETEUIL 15E - BNP PARIBAS,"80 avenue De Breteuil, 75015  Paris",75015,48.846497319777,2.3110318919942
AGENCE PARIS BLANQUI 13E - BNP PARIBAS,"101 boulevard Auguste Blanqui, 75013  Paris",75013,48.830185562069,2.3456279300198
AGENCE PARIS MONGE 5E - BNP PARIBAS,"2 bis avenue Des Gobelins, 75005  Paris",75005,48.838259495359,2.350542452622
AGENCE PARIS PARC MONTSOURIS 14E - BNP PARIBAS,"1 avenue Reille, 75014  Paris",75014,48.826019038064,2.341512887751
AGENCE PARIS VOLONTAIRES 15E - BNP PARIBAS,"66 rue Lecourbe, 75015  Paris",75015,48.843784665194,2.3062351333484
AGENCE PARIS VOUILLE BRANCION 15E - BNP PARIBAS,"26 rue De Vouille, 75015  Paris",75015,48.834495418675,2.3052266099276
AGENCE PARIS BOULEVARD SAINT GERMAIN - BNP PARIBAS,"133 boulevard Saint Germain, 75006  Paris",75006,48.853172153962,2.3352873709187
AGENCE PARIS SAINT GERMAIN DES PRES - BNP PARIBAS,"147 boulevard Saint Germain, 75006  Paris",75006,48.85360107568,2.3335082522442
AGENCE PARIS RASPAIL - BNP PARIBAS,"12 Boulevard Raspail, 75007  Paris",75007,48.8542838,2.3257297
AGENCE PARIS LUTECE - BNP PARIBAS,"72 rue Monge, 75005  Paris",75005,48.843331652451,2.3520262826537
AGENCE PARIS SAINT ANDRE DES ARTS - BNP PARIBAS,"3 place Saint Andre Des Arts, 75006  Paris",75006,48.85306506693,2.3434134608146
AGENCE PARIS GOBELINS 13E - BNP PARIBAS,"68 B avenue Des Gobelins, 75013  Paris",75013,48.832748075292,2.3543019840614
AGENCE PARIS PLACE MAUBERT - BNP PARIBAS,"19 rue Lagrange, 75005  Paris",75005,48.850576597755,2.3487487262723
AGENCE PARIS SAINT MARCEL 5E - BNP PARIBAS,"50 boulevard Saint Marcel, 75005  Paris",75005,48.838587329537,2.3568398146997
AGENCE PARIS JUSSIEU FAC DES SCIENCES - BNP PARIBAS,"31 rue Jussieu, 75005  Paris",75005,48.846881813317,2.3537701449275
AGENCE PARIS MAIRIE DU XVEME 15E - BNP PARIBAS,"148 rue Lecourbe, 75015  Paris",75015,48.841826024272,2.2996794438798
AGENCE PARIS LOWENDAL 15E - BNP PARIBAS,"35 avenue De Lowendal, 75015  Paris",75015,48.84864193842,2.3030700767868
AGENCE PARIS CITE INTERNATIONALE 14E - BNP PARIBAS,"17 Boulevard Jourdan, 75014  Paris",75014,48.8199761,2.3387146
AGENCE MONTROUGE - BNP PARIBAS,"place Gabrielle De Guerchy, 92120  Montrouge",92120,48.818849700584,2.3234457923736
AGENCE PARIS RUE DU BAC - BNP PARIBAS,"15 Rue Du Bac, 75007  Paris",75007,48.858436558021,2.3286571833977
AGENCE PARIS RUE DE BOURGOGNE - BNP PARIBAS,"39 Rue De Bourgogne, 75007  Paris",75007,48.8573728,2.3175533
AGENCE PARIS ECOLE MILITAIRE - BNP PARIBAS,"22 Avenue De Tourville, 75007  Paris",75007,48.8543286,2.3071994
AGENCE PARIS SAINT LAMBERT 15E - BNP PARIBAS,"377 rue De Vaugirard, 75015  Paris",75015,48.8359514,2.2939701
AGENCE PARIS TOLBIAC 13E - BNP PARIBAS,"59 avenue D Italie, 75013  Paris",75013,48.826286759077,2.3575631417224
AGENCE PARIS COMMERCE 15E - BNP PARIBAS,"40 Rue Du Commerce, 75015  Paris",75015,48.846933141634,2.2956421784
AGENCE PARIS RUE NATIONALE 13E - BNP PARIBAS,"186 Rue Nationale, 75013  Paris",75013,48.8325378,2.362916
AGENCE MALAKOFF - BNP PARIBAS,"10 bis avenue Jean Jaures, 92240  Malakoff",92240,48.821460152394,2.3025441674591
Cash Services - Paris 101 RUE UNIVERSITE,"101 RUE UNIVERSITE, 75007  Paris",75007,48.860799,2.315976
AGENCE MONTROUGE REPUBLIQUE - BNP PARIBAS,"110 avenue De La Republique, 92120  Montrouge",92120,48.814165384837,2.3167726215875
AGENCE PARIS BOSQUET - BNP PARIBAS,"37 Avenue Bosquet, 75007  Paris",75007,48.8586364,2.3038718
AGENCE PARIS SUFFREN CHAMP DE MARS - BNP PARIBAS,"43-45 Avenue De Suffren, 75007  Paris",75007,48.8540174,2.2967733
Cash Services - Paris 1 AVENUE DE L OPERA,"1 AVENUE DE L OPERA, 75001  Paris",75001,48.86407,2.33498
AGENCE PARIS LOUVRE - BNP PARIBAS,"29 rue Jean-Jacques Rousseau, 75001  Paris",75001,48.8630511,2.3412235
AGENCE GENTILLY - BNP PARIBAS,"place De La Victoire 8 Mai 1945, 94250  Gentilly",94250,48.815949903294,2.3508633137529
AGENCE PARIS SAINT PAUL - LE MARAIS - BNP PARIBAS,"8-10 rue De Rivoli, 75004  Paris",75004,48.855554333702,2.3603151257255
AGENCE PARIS RAMBUTEAU 4E - BNP PARIBAS,"48 rue Des Archives, 75004  Paris",75004,48.8595771,2.356583
AGENCE PARIS CHARLES MICHELS 15E - BNP PARIBAS,"76 avenue Emile Zola, 75015  Paris",75015,48.846473433351,2.2864874370635
Cash Services - Paris 27 BOULEVARD DE GRENELLE,"27 BOULEVARD DE GRENELLE, 75015  Paris",75015,48.852971,2.290701
Cash Services - Paris 11 RUE DE TURBIGO,"11 RUE DE TURBIGO, 75001  Paris",75001,48.863918,2.34854
AGENCE PARIS DUPLEIX 15E - BNP PARIBAS,"26 boulevard De Grenelle, 75015  Paris",75015,48.852846408502,2.2900402771909
AGENCE PARIS PONSCARME - BNP PARIBAS,"67-69 rue De Tolbiac, 75013  Paris",75013,48.827224019151,2.3690303775452
AGENCE PARIS PORTE DE CHOISY 13E - BNP PARIBAS,"130 boulevard Massena, 75013  Paris",75013,48.820157647022,2.364168045049
AGENCE PARIS LOURMEL 15E - BNP PARIBAS,"113 Avenue Felix Faure, 75015  Paris",75015,48.8386253,2.282206
AGENCE PARIS LEDRU ROLLIN 12E - BNP PARIBAS,"20 rue De Lyon, 75012  Paris",75012,48.847950058643,2.3717319350559
AGENCE PARIS SEBASTOPOL 2E - BNP PARIBAS,"81 Boulevard Sebastopol, 75002  Paris",75002,48.8645797,2.3513859
AGENCE PARIS GARE DE LYON - BNP PARIBAS,"23 boulevard Diderot, 75012  Paris",75012,48.8460382,2.3737139
AGENCE PARIS CONVENTION 15E - BNP PARIBAS,"41 rue De La Convention, 75015  Paris",75015,48.844170323906,2.2814322369509
AGENCE PARIS BASTILLE 11E - BNP PARIBAS,"2 boulevard Beaumarchais, 75011  Paris",75011,48.854353,2.3690933
AGENCE PARIS OPERA GARNIER - BNP PARIBAS,"2 place De L'Opera, 75002  Paris",75002,48.870115370102,2.3329105625656
AGENCE ASIE INTERNATIONAL - BNP PARIBAS,"40 Rue Notre Dame Des Victoires, 75002  Paris",75002,48.8689237,2.342365
AGENCE AFRIQUE INTERNATIONAL - BNP PARIBAS,"40 Rue Notre Dame Des Victoires, 75002  Paris",75002,48.8689237,2.342365
AGENCE COMMONWEALTH INTERNATIONAL - BNP PARIBAS,"40 Rue Notre Dame Des Victoires, 75002  Paris",75002,48.8689237,2.342365
Cash Services - Paris 12 RUE DE LA ROQUETTE,"12 RUE DE LA ROQUETTE, 75011  Paris",75011,48.853609,2.370895
AGENCE PARIS BOURSE - BNP PARIBAS,"31 rue Vivienne, 75002  Paris",75002,48.8696349,2.3407847
AGENCE US INTERNATIONAL - BNP PARIBAS,"31 Boulevard Des Italiens, 75002  Paris",75002,48.8705104,2.3344821
AGENCE LATAM INTERNATIONAL - BNP PARIBAS,"31 boulevard Des Italiens, 75002  Paris",75002,48.8705104,2.3344821
AGENCE EUROPE INTERNATIONAL - BNP PARIBAS,"31 Boulevard Des Italiens, 75002  Paris",75002,48.8705104,2.3344821
AGENCE VANVES - BNP PARIBAS,"Place du Maréchal de Lattre de Tassigny, 92170  Vanves",92170,48.821835,2.2848109
AGENCE EXPAT EUROPE INTERNATIONAL - BNP PARIBAS,"10 boulevard Malesherbes, 75008  Paris",75008,48.871395313815,2.3226320441803
AGENCE PARIS SQUARE DU TEMPLE 3E - BNP PARIBAS,"67 rue De Bretagne, 75003  Paris",75003,48.8643487,2.3599116
AGENCE PARIS TURENNE - BNP PARIBAS,"109 rue De Turenne, 75003  Paris",75003,48.862149438324,2.3644088521496
AGENCE ISSY CORENTIN - BNP PARIBAS,"3 place Paul Vaillant Couturier, 92130  Issy Les Moulineaux",92130,48.827445085549,2.2791212101474
AGENCE PARIS CHAMPS ELYSEES - BNP PARIBAS,"37 avenue Des Champs-Elysees, 75008  Paris",75008,48.869847464281,2.3061257840267
AGENCE MIDDLE EAST ET TURKEY INTERNATIONAL - BNP PARIBAS,"37 Avenue Des Champs-elysees, 75008  Paris",75008,48.869847464281,2.3061257840267
AGENCE LE KREMLIN BICETRE - BNP PARIBAS,"80 avenue De Fontainebleau, 94270  Le Kremlin Bicetre",94270,48.810872327577,2.3617243528735
AGENCE PARIS RUE DE PASSY - BNP PARIBAS,"15 rue De Passy, 75016  Paris",75016,48.858214217202,2.282979437484
AGENCE PARIS LOUIS BLERIOT - BNP PARIBAS,"24 avenue De Versailles, 75016  Paris",75016,48.850272679387,2.2763417512887
AGENCE PARIS SAINT PHILIPPE DU ROULE - BNP PARIBAS,"113 Rue Du Faubourg Saint-honore, 75008  Paris",75008,48.8726866,2.3106986
AGENCE PARIS PLACE SAINT AUGUSTIN - BNP PARIBAS,"2 Place Saint Augustin, 75008  Paris",75008,48.8744469,2.3205073
AGENCE ARCUEIL - BNP PARIBAS,"29 rue Emile Raspail, 94110  Arcueil",94110,48.801765443687,2.3314484370854
AGENCE PARIS BOULEVARD DE STRASBOURG - BNP PARIBAS,"19 boulevard De Strasbourg, 75010  Paris",75010,48.870590678726,2.3546243577068
AGENCE BAGNEUX - BNP PARIBAS,"34 avenue Henri Barbusse, 92220  Bagneux",92220,48.802192431253,2.3172608285116
AGENCE PARIS REPUBLIQUE - BNP PARIBAS,"15 place De La Republique, 75003  Paris",75003,48.8673596,2.3627022
AGENCE PARIS FAUBOURG SAINT ANTOINE 12E - BNP PARIBAS,"158 faubourg Saint Antoine, 75012  Paris",75012,48.850293010177,2.3811927724221
AGENCE PARIS LA FAYETTE - BNP PARIBAS,"44 rue La Fayette, 75009  Paris",75009,48.874692616958,2.3398954632501
Cash Services - Paris 8 BOULEVARD VOLTAIRE,"8 BOULEVARD VOLTAIRE, 75011  Paris",75011,48.865845,2.366464
AGENCE ISSY LES MOULINEAUX MAIRIE - BNP PARIBAS,"55 rue Du General Leclerc, 92130  Issy Les Moulineaux",92130,48.824361901319,2.2744588005249
AGENCE PARIS TRINITE - BNP PARIBAS,"1 place D'Estienne D'Orves, 75009  Paris",75009,48.8764046,2.3309084
AGENCE PARIS AVENUE KLEBER - BNP PARIBAS,"51 avenue Kleber, 75016  Paris",75016,48.8676663,2.2909305852848
AGENCE PARIS MAIRIE DU XI EME 11E - BNP PARIBAS,"1 place Du Pere Chaillet, 75011  Paris",75011,48.856764247353,2.3790592110104
AGENCE PARIS ARC DE TRIOMPHE - BNP PARIBAS,"80 Avenue Marceau, 75008  Paris",75008,48.8721666,2.2969919
AGENCE PARIS SAINT AMBROISE - BNP PARIBAS,"27 avenue Parmentier, 75011  Paris",75011,48.861338692,2.3773377932002
AGENCE PARIS FRIEDLAND 8E - BNP PARIBAS,"6 Avenue Friedland, 75008  Paris",75008,48.8749652,2.3040924
AGENCE PARIS PLACE DE MEXICO - BNP PARIBAS,"4 place De Mexico, 75016  Paris",75016,48.865650954017,2.2835959509889
Cash Services - Paris 65 AVENUE D IENA,"65 AVENUE D IENA, 75116  Paris",75116,48.871968,2.295076
AGENCE PARIS REUILLY 12E - BNP PARIBAS,"41-43 rue De Reuilly, 75012  Paris",75012,48.846417747348,2.3877997674285
Cash Services - Cachan 26 AVENUE CARNOT,"26 AVENUE CARNOT, 94230  Cachan",94230,48.798051,2.328844
AGENCE PARIS EXELMANS - BNP PARIBAS,"153 avenue De Versailles, 75016  Paris",75016,48.841567882282,2.2669462818242
Cash Services - Bagneux 12 AVENUE LOUIS PASTEUR,"12 AVENUE LOUIS PASTEUR, 92220  Bagneux",92220,48.798372,2.317896
Cash Services - Chatillon 44 AVENUE DE PARIS,"44 AVENUE DE PARIS, 92320  Chatillon",92320,48.805365,2.292007
AGENCE PARIS LA MUETTE - BNP PARIBAS,"5 rue De La Pompe, 75016  Paris",75016,48.858878506227,2.2749512158563
AGENCE PARIS MONTHOLON 9E - BNP PARIBAS,"2 rue Pierre Semard, 75009  Paris",75009,48.8770044,2.3472229
AGENCE PARIS PARMENTIER OBERKAMPF - BNP PARIBAS,"43 avenue De La Republique, 75011  Paris",75011,48.865299226018,2.375218939328
AGENCE PARIS CHARONNE - BNP PARIBAS,"173 boulevard Voltaire, 75011  Paris",75011,48.854434229173,2.386098960234
AGENCE PARIS RUE DES MARTYRS 9E - BNP PARIBAS,"49 rue Des Martyrs, 75009  Paris",75009,48.880035268572,2.3401450429078
AGENCE PARIS SAINT HONORE D'EYLAU - BNP PARIBAS,"96 avenue Victor Hugo, 75016  Paris",75016,48.868968034058,2.2833230063698
AGENCE PARIS GONCOURT - BNP PARIBAS,"156 avenue Parmentier, 75010  Paris",75010,48.870561928609,2.3708300898671
AGENCE PARIS AUTEUIL - BNP PARIBAS,"120 rue Jean De La Fontaine, 75016  Paris",75016,48.848415211933,2.26472851842
AGENCE PARIS VICTOR HUGO - BNP PARIBAS,"168 avenue Victor Hugo, 75016  Paris",75016,48.866452694286,2.2773674158611
AGENCE PARIS COURCELLES 17E - BNP PARIBAS,"2 boulevard De Courcelles, 75017  Paris",75017,48.881333022518,2.3151513699863
Cash Services - Cachan 5 RUE CAMILLE DESMOULINS,"5 RUE CAMILLE DESMOULINS, 94230  Cachan",94230,48.794404,2.334779
AGENCE CACHAN - BNP PARIBAS,"7 avenue Camille Desmoulins, 94230  Cachan",94230,48.794126284566,2.3344137875793
AGENCE PARIS PLAINE MONCEAU 17E - BNP PARIBAS,"1 rue De Chazelles, 75017  Paris",75017,48.879495492194,2.3033063180338
AGENCE CHATILLON - BNP PARIBAS,"15 rue Gabriel Peri, 92320  Chatillon",92320,48.802511549763,2.2882546548759
AGENCE PARIS AVENUE GRANDE ARMEE - BNP PARIBAS,"24 avenue De La Grande Armee, 75017  Paris",75017,48.8755448,2.2906063
AGENCE PARIS RUE DE WATTIGNIES 12E - BNP PARIBAS,"36 rue De Wattignies, 75012  Paris",75012,48.835764915007,2.3959383178837
AGENCE CLAMART - BNP PARIBAS,"19 rue De Vanves, 92140  Clamart",92140,48.812590224382,2.2725214785736
AGENCE PARIS GARE DU NORD 10E - BNP PARIBAS,"10 Boulevard De Denain, 75010  Paris",75010,48.8794341,2.3548336
AGENCE PARIS PLACE CLICHY 9E - BNP PARIBAS,"1 place De Clichy, 75009  Paris",75009,48.883126,2.3273923
AGENCE PARIS NATION 11E - BNP PARIBAS,"3 Place De La Nation, 75011  Paris",75011,48.8489629,2.3943486
AGENCE PARIS TERNES MONCEAU - BNP PARIBAS,"9 place Des Ternes, 75017  Paris",75017,48.878604375087,2.2981377209629
AGENCE PARIS DAUMESNIL 12E - BNP PARIBAS,"9 place Felix Eboue, 75012  Paris",75012,48.839860302242,2.3966776632103
Cash Services - Bagneux 2 AVENUE HENRI RAVERA,"2 AVENUE HENRI RAVERA, 92220  Bagneux",92220,48.796321,2.30174
AGENCE PARIS MAC MAHON 17E - BNP PARIBAS,"35 avenue Mac Mahon, 75017  Paris",75017,48.878060986373,2.2940422825308
AGENCE PARIS MAIRIE DU XVII EME 17E - BNP PARIBAS,"15 rue Des Batignolles, 75017  Paris",75017,48.883969502274,2.3218492171562
Cash Services - Chatillon 7 BIS RUE DE LA MAIRIE,"7 BIS RUE DE LA MAIRIE, 92320  Chatillon",92320,48.80038,2.288791
AGENCE IVRY SUR SEINE - BNP PARIBAS,"76 Avenue Georges Gosnat, 94200  Ivry-Sur-Seine",94200,48.8126736,2.3865584
AGENCE PARIS PORTE DE SAINT CLOUD - BNP PARIBAS,"107 boulevard Murat, 75016  Paris",75016,48.839013710961,2.2570132614148
Cash Services - Paris 91 AVENUE DE WAGRAM,"91 AVENUE DE WAGRAM, 75017  Paris",75017,48.881541,2.300417
AGENCE PARIS MENILMONTANT - BNP PARIBAS,"15 Rue De Menilmontant, 75020  Paris",75020,48.867566,2.3842865
Cash Services - Paris 19 RUE DES AMANDIERS,"19 RUE DES AMANDIERS, 75020  Paris",75020,48.86369,2.388633
AGENCE PARIS RUE LEPIC 18E - BNP PARIBAS,"27 rue Lepic, 75018  Paris",75018,48.885476571622,2.3342499008274
AGENCE PARIS FOCH MAILLOT - BNP PARIBAS,"147 avenue De Malakoff, 75016  Paris",75016,48.87597118611,2.2835442727793
AGENCE PARIS BARBES 18E - BNP PARIBAS,"7 boulevard Barbes, 75018  Paris",75018,48.8847814,2.3493052
AGENCE PARIS PICPUS 12E - BNP PARIBAS,"51 Boulevard De Picpus, 75012  Paris",75012,48.8447638,2.4018129
AGENCE PARIS TOCQUEVILLE 17E - BNP PARIBAS,"82 rue De Tocqueville, 75017  Paris",75017,48.885869103593,2.3099292960286
AGENCE VILLEJUIF HOTEL DE VILLE - BNP PARIBAS,"25-27 rue Jean Jaures, 94800  Villejuif",94800,48.795486022944,2.3665441027216
Cash Services - Paris 48 COURS DE VINCENNES,"48 COURS DE VINCENNES, 75012  Paris",75012,48.847425,2.403232
AGENCE PARIS PLACE DU MARECHAL JUIN 17E - BNP PARIBAS,"3 place Du Marechal Juin, 75017  Paris",75017,48.884369170131,2.29762482618
Cash Services - Paris 2 PLACE DE LA PORTE MAILLOT,"2 PLACE DE LA PORTE MAILLOT, 75017  Paris",75017,48.879248,2.283537
AGENCE PARIS LAMARCK CAULAINCOURT 18E - BNP PARIBAS,"95 rue Caulaincourt, 75018  Paris",75018,48.889726780607,2.3383594818307
AGENCE PARIS SECRETAN - BNP PARIBAS,"127 avenue Simon Bolivar, 75019  Paris",75019,48.880889371709,2.3735707726535
AGENCE CHARENTON LIBERTE - BNP PARIBAS,"144 rue De Paris, 94220  Charenton Le Pont",94220,48.826957205276,2.4054569539672
Cash Services - Charenton Le Pont 5 PLACE DES MARSEILLAIS,"5 PLACE DES MARSEILLAIS, 94220  Charenton Le Pont",94220,48.826392,2.405373
Cash Services - Paris 61 RUE CUSTINE,"61 RUE CUSTINE, 75018  Paris",75018,48.889653,2.343014
AGENCE PARIS BOLIVAR PYRENEES - BNP PARIBAS,"98 Rue De Belleville, 75020  Paris",75020,48.8741589,2.3860499
AGENCE PARIS PORTE DOREE 12E - BNP PARIBAS,"1 place Edouard Renard, 75012  Paris",75012,48.8356152,2.4077826
AGENCE PARIS PORTE DE CHAMPERRET 17E - BNP PARIBAS,"3 Boulevard Gouvion Saint Cyr, 75017  Paris",75017,48.8852746,2.2914592
AGENCE PARIS MARAICHERS - BNP PARIBAS,"86 rue D Avron, 75020  Paris",75020,48.852484610014,2.4054545576291
AGENCE PARIS BROCHANT 17E - BNP PARIBAS,"144 Avenue De Clichy, 75017  Paris",75017,48.8910031,2.3197404
AGENCE VITRY SUR SEINE - BNP PARIBAS,"76 rue De La Concorde, 94400  Vitry Sur Seine",94400,48.798837337112,2.3822493374344
Cash Services - Paris 76 B BOULEVARD BARBES,"76 B BOULEVARD BARBES, 75018  Paris",75018,48.889557,2.350033
AGENCE PARIS GAMBETTA - BNP PARIBAS,"9 Place Gambetta, 75020  Paris",75020,48.8646615,2.3986368
AGENCE FONTENAY AUX ROSES - BNP PARIBAS,"1 avenue Jeanne Et Maurice Dolivet, 92260  Fontenay Aux Roses",92260,48.790940641284,2.2890052736386
AGENCE CLAMART ESMERALDA - BNP PARIBAS,"7 avenue Victor Hugo, 92140  Clamart",92140,48.80235127091,2.2658877527156
AGENCE PARIS GUY MOQUET 18E - BNP PARIBAS,"86 avenue De Saint Ouen, 75018  Paris",75018,48.892836643575,2.3275721074593
Cash Services - Paris 120 COURS DE VINCENNES,"120 COURS DE VINCENNES, 75012  Paris",75012,48.846743,2.410673
AGENCE BOULOGNE POINT DU JOUR - BNP PARIBAS,"242 boulevard Jean Jaures, 92100  Boulogne Billancourt",92100,48.8292476,2.2456626000001
AGENCE PARIS JULES JOFFRIN 18E - BNP PARIBAS,"115 T rue Ordener, 75018  Paris",75018,48.892552324384,2.3434198850759
AGENCE PARIS BELLEVILLE - BNP PARIBAS,"168 Rue De Belleville, 75020  Paris",75020,48.8753593,2.3920743
AGENCE NEUILLY SABLONS PARMENTIER - BNP PARIBAS,"71 avenue Du Roule, 92200  Neuilly Sur Seine",92200,48.88277248303,2.2754625676411
AGENCE PARIS BOTZARIS - BNP PARIBAS,"72 rue Botzaris, 75019  Paris",75019,48.87944800336,2.3881941777329
AGENCE PARIS LAUMIERE - BNP PARIBAS,"83 Avenue Jean Jaures, 75019  Paris",75019,48.8852464,2.378845
AGENCE PARIS SIMPLON 18E - BNP PARIBAS,"50 boulevard Ornano, 75018  Paris",75018,48.895005494765,2.3471531873849
AGENCE BOULOGNE JEAN JAURES - BNP PARIBAS,"43-45 boulevard Jean Jaures, 92100  Boulogne Billancourt",92100,48.840484944184,2.2397592838594
AGENCE PARIS PLACE DES FETES - BNP PARIBAS,"1 rue Louise Thuliez, 75019  Paris",75019,48.877635195066,2.394167033288
AGENCE SAINT MANDE EGLISE - BNP PARIBAS,"72 avenue Du General De Gaulle, 94160  Saint-Mande",94160,48.8408731,2.4174273
AGENCE L'HAY LES ROSES - BNP PARIBAS,"3 avenue Aristide Briand, 94240  L Hay Les Roses",94240,48.7794126,2.3350706
AGENCE LEVALLOIS BINEAU - BNP PARIBAS,"26 rue De Villiers, 92300  Levallois Perret",92300,48.888737306792,2.2814223318771
AGENCE BOURG LA REINE - BNP PARIBAS,"100 avenue Du General Leclerc, 92340  Bourg La Reine",92340,48.779606737267,2.3152791302003
AGENCE SAINT MANDE TOURELLE - BNP PARIBAS,"2 avenue Du General De Gaulle, 94160  Saint-Mande",94160,48.8460905,2.4174311
AGENCE PARIS PLACE SAINT FARGEAU - BNP PARIBAS,"4 place Saint Fargeau, 75020  Paris",75020,48.871504963534,2.4038048070195
AGENCE BOULOGNE EGLISE - BNP PARIBAS,"5 boulevard Jean Jaures, 92100  Boulogne Billancourt",92100,48.84510818582,2.2373297195483
AGENCE LEVALLOIS PERRET - BNP PARIBAS,"66 rue Du President Wilson, 92300  Levallois Perret",92300,48.893103419569,2.289567533596
AGENCE BOULOGNE BILLANCOURT - BNP PARIBAS,"80 Avenue Du General Leclerc, 92100  Boulogne-Billancourt",92100,48.8317297,2.236786
AGENCE CHARENTON LE PONT - BNP PARIBAS,"50 rue De Paris, 94220  Charenton Le Pont",94220,48.819936980011,2.4157080164862
AGENCE PARIS VILLETTE - BNP PARIBAS,"105 Avenue De Flandre, 75019  Paris",75019,48.8902251,2.3756012
AGENCE VITRY SUR SEINE GARE - BNP PARIBAS,"1 bis rue Jules Ferry, 94400  Vitry Sur Seine",94400,48.800712921074,2.4016289106425
Cash Services - Montreuil 59 RUE DE LA REPUBLIQUE,"59 RUE DE LA REPUBLIQUE, 93100  Montreuil",93100,48.852439,2.419025
AGENCE NEUILLY SUR SEINE ROULE - BNP PARIBAS,"102 Avenue Achille Peretti, 92200  Neuilly-Sur-Seine",92200,48.885032182476,2.2673995166023
AGENCE PARIS OURCQ - BNP PARIBAS,"153 avenue Jean Jaures, 75019  Paris",75019,48.887123164184,2.3861136404526
AGENCE BOULOGNE RHIN ET DANUBE - BNP PARIBAS,"109 route De La Reine, 92100  Boulogne Billancourt",92100,48.840108589827,2.2337235530999
AGENCE SAINT MAURICE - BNP PARIBAS,"60 avenue Du Ml De Lattre De Tassigny, 94410  Saint Maurice",94410,48.82301205071,2.4201114843831
AGENCE CLICHY VILLE - BNP PARIBAS,"97 boulevard Victor Hugo, 92110  Clichy",92110,48.901002576021,2.3158619230959
Cash Services - Neuilly Sur Seine 148 AVENUE ACHILLE PERETTI,"148 AVENUE ACHILLE PERETTI, 92200  Neuilly Sur Seine",92200,48.885952,2.263246
AGENCE SCEAUX - BNP PARIBAS,"27 rue Houdan, 92330  Sceaux",92330,48.777354714046,2.2947849305816
AGENCE NEUILLY SUR SEINE - BNP PARIBAS,"168 Avenue Charles De Gaulle, 92200  Neuilly-Sur-Seine",92200,48.8852538,2.2602235
AGENCE NEUILLY SAINT JAMES - BNP PARIBAS,"34 rue Du Bois De Boulogne, 92200  Neuilly Sur Seine",92200,48.881436959214,2.2543421106822
Cash Services - Meudon RUE BANES,"RUE BANES, 92190  Meudon",92190,48.808218,2.240558
AGENCE CLICHY JEAN JAURES - BNP PARIBAS,"72-74 boulevard Jean Jaures, 92110  Clichy",92110,48.9018358,2.305019
AGENCE BAGNOLET - BNP PARIBAS,"12 rue Sadi Carnot, 93170  Bagnolet",93170,48.86696886986,2.4182373985088
AGENCE SCEAUX ROBINSON - BNP PARIBAS,"176 rue Houdan Square Robinson, 92330  Sceaux",92330,48.779195470923,2.2828008735412
AGENCE SAINT OUEN GARIBALDI - BNP PARIBAS,"87 avenue Gabriel Peri, 93400  Saint-Ouen",93400,48.904821515514,2.3316588159386
AGENCE LE PRE ST GERVAIS - BNP PARIBAS,"75 rue Andre Joineau, 93310  Le Pre St Gervais",93310,48.8834265,2.4035406
AGENCE ALFORTVILLE CENTRE - BNP PARIBAS,"161 avenue Paul Vaillant Couturier, 94140  Alfortville",94140,48.806439427471,2.418548619899
AGENCE LEVALLOIS FRONT DE SEINE - BNP PARIBAS,"41 Avenue Pompidou, 92300  Levallois Perret",92300,48.8992492,2.2825582
AGENCE MEUDON BELLEVUE - BNP PARIBAS,"18 avenue Marcel Allegot, 92190  Meudon",92190,48.820721001962,2.2280662668647
AGENCE MEUDON - BNP PARIBAS,"47-49 rue De La Republique, 92190  Meudon",92190,48.806922941626,2.2361423945122
AGENCE VINCENNES - BNP PARIBAS,"35 rue Du Midi, 94300  Vincennes",94300,48.847176110242,2.4348679865591
AGENCE LE PLESSIS ROBINSON - BNP PARIBAS,"6 Grand Place, 92350  Le Plessis Robinson",92350,48.781465797814,2.2631885245369
Cash Services - Sevres 2 PLACE DU MARIVEL,"2 PLACE DU MARIVEL, 92310  Sevres",92310,48.826634,2.221438
AGENCE VINCENNES SAINT LOUIS - BNP PARIBAS,"158 rue De Fontenay, 94300  Vincennes",94300,48.848513524467,2.4353416561125
AGENCE SAINT OUEN - BNP PARIBAS,"32 rue Des Bateliers, 93400  Saint Ouen",93400,48.909823003712,2.330005738623
Cash Services - St Ouen Sur Seine 25 AVENUE GABRIEL PERI,"25 AVENUE GABRIEL PERI, 93400  St Ouen Sur Seine",93400,48.909765,2.333425
AGENCE CHEVILLY LARUE - BNP PARIBAS,"4 place De Lattre De Tassigny, 94550  Chevilly Larue",94550,48.77139738956,2.3671398260437
AGENCE LES LILAS - BNP PARIBAS,"149 rue De Paris, 93260  Les Lilas",93260,48.8803752,2.4173624
AGENCE PUTEAUX WALLACE - BNP PARIBAS,"56 boulevard Richard Wallace, 92800  Puteaux",92800,48.880552235525,2.2386625548172
AGENCE COURBEVOIE VICTOR HUGO - BNP PARIBAS,"1 place Victor Hugo, 92400  Courbevoie",92400,48.891949512096,2.2537617272815
AGENCE SURESNES - BNP PARIBAS,"26 rue Des Bourets, 92150  Suresnes",92150,48.869059862966,2.2278221111927
AGENCE MONTREUIL SOUS BOIS - BNP PARIBAS,"9-11 Avenue Paul Langevin, 93100  Montreuil",93100,48.8575027,2.4360747
Cash Services - St Ouen Sur Seine 47 BOULEVARD JEAN JAURES,"47 BOULEVARD JEAN JAURES, 93400  St Ouen Sur Seine",93400,48.912373,2.334524
Cash Services - Pantin 9 RUE DU DEBARCADERE,"9 RUE DU DEBARCADERE, 93500  Pantin",93500,48.897548,2.396989
AGENCE MAISONS ALFORT GARE - BNP PARIBAS,"3 rue Du Capitaine Roland Deplanque, 94700  Maisons Alfort",94700,48.80253436721,2.4281965085984
AGENCE PANTIN - BNP PARIBAS,"95 avenue Jean Lolive, 93500  Pantin",93500,48.892267871416,2.4075500283205
AGENCE CHATENAY MALABRY MAIRIE - BNP PARIBAS,"53 Rue Jean Longuet, 92290  Chatenay-Malabry",92290,48.7696194,2.2805802
AGENCE COURBEVOIE HOTEL DE VILLE - BNP PARIBAS,"5 place Herold, 92400  Courbevoie",92400,48.897095010619,2.2560908526684
AGENCE COURBEVOIE PLACE DE BELGIQUE - BNP PARIBAS,"6 Place De Belgique, 92400  Courbevoie",92400,48.9035243,2.2684137
AGENCE ASNIERES HOTEL DE VILLE - BNP PARIBAS,"10 place De L'Hotel De Ville, 92600  Asnieres-Sur-Seine",92600,48.910322,2.28958
Cash Services - Courbevoie TOUR TOTAL 2 PL DE LA COUPOLE,"TOUR TOTAL 2 PL DE LA COUPOLE, 92400  Courbevoie",92400,48.89282,2.243375
AGENCE AUBERVILLIERS QUATRE CHEMINS - BNP PARIBAS,"55 avenue Jean Jaures, 93300  Aubervilliers",93300,48.904017867838,2.3919749693115
AGENCE SAINT CLOUD VAL D'OR - BNP PARIBAS,"57 Rue Du Mont Valerien, 92210  Saint-Cloud",92210,48.8590167,2.2135999
AGENCE LE 3 DEFENSE - BNP PARIBAS,"3 place De La Defense, 92800  Puteaux",92800,48.8915586,2.2405957
AGENCE LA DEFENSE INTERNATIONAL - BNP PARIBAS,"3 place De La Defense, - La Defense, 92800  Puteaux",92800,48.8915586,2.2405957
Cash Services - Puteaux 2 RUE BERNARD PALISSY,"2 RUE BERNARD PALISSY, 92800  Puteaux",92800,48.881835,2.228811
AGENCE MAISONS ALFORT - BNP PARIBAS,"173 avenue General Leclerc, 94700  Maisons Alfort",94700,48.807583995217,2.4379786693115
AGENCE MONTREUIL MAIRIE - BNP PARIBAS,"2 Boulevard Paul Vaillant-couturier, 93100  Montreuil",93100,48.8627248,2.4418703
Cash Services - St Ouen Sur Seine 20 RUE SAINT DENIS,"20 RUE SAINT DENIS, 93400  St Ouen Sur Seine",93400,48.917023,2.331528
AGENCE ASNIERES GARE DE BECON - BNP PARIBAS,"8 rue De Lorraine, 92600  Asnieres-Sur-Seine",92600,48.907499515366,2.269949254002
AGENCE SAINT CLOUD MAGENTA - BNP PARIBAS,"45 rue Gounod, 92210  Saint Cloud",92210,48.842294940801,2.2077808906458
AGENCE RUNGIS MARCHE INTERNATIONAL - BNP PARIBAS,"9 Rue Des Meuniers, 94550  Chevilly-Larue",94550,48.7617509,2.360211
Cash Services - Maisons Alfort 166 RUE JEAN JAURES,"166 RUE JEAN JAURES, 94700  Maisons Alfort",94700,48.797676,2.433045
AGENCE SEVRES - BNP PARIBAS,"10 avenue De L'Europe, 92310  Sevres",92310,48.822803524593,2.2083642503666
AGENCE FRESNES - BNP PARIBAS,"28 rue Henri Barbusse, 94260  Fresnes",94260,48.757549641189,2.3234541025162
Cash Services - Maisons Alfort 62 AVENUE GEORGES CLEMENCEAU,"62 AVENUE GEORGES CLEMENCEAU, 94700  Maisons Alfort",94700,48.810905,2.443699
AGENCE COURBEVOIE GARE - BNP PARIBAS,"18 avenue Marceau, 92400  Courbevoie",92400,48.899009905681,2.2464715826571
Cash Services - Puteaux 16 RUE MARCELLIN BERTHELOT,"16 RUE MARCELLIN BERTHELOT, 92800  Puteaux",92800,48.889393,2.231096
AGENCE PETIT CLAMART - BNP PARIBAS,"13 route Du Pave Blanc, 92140  Clamart",92140,48.781401152486,2.2386702454501
AGENCE SAINT DENIS PLEYEL - BNP PARIBAS,"163 boulevard Anatole France, 93200  St Denis",93200,48.9195845,2.3437694
Cash Services - St Denis 168 BOULEVARD ANATOLE FRANCE,"168 BOULEVARD ANATOLE FRANCE, 93200  St Denis",93200,48.92006,2.343599
AGENCE SURESNES JEAN JAURES - BNP PARIBAS,"58 avenue Jean Jaures, 92150  Suresnes",92150,48.863904117528,2.2089473769283
Cash Services - Aubervilliers 8 RUE DE LA HAIE,"8 RUE DE LA HAIE, 93300  Aubervilliers",93300,48.910762,2.388441
AGENCE AUBERVILLIERS - BNP PARIBAS,"9 avenue De La Republique, 93300  Aubervilliers",93300,48.913298561434,2.3828999014122
Cash Services - Bois Colombes 1 RUE MERTENS,"1 RUE MERTENS, 92270  Bois Colombes",92270,48.913921,2.273467
AGENCE THIAIS - BNP PARIBAS,"16 place Du Marche, 94320  Thiais",94320,48.764722120417,2.3903751175585
AGENCE FONTENAY PYRAMIDE - BNP PARIBAS,"151 rue Dalayrac, 94120  Fontenay Sous Bois",94120,48.849453096175,2.4563182727532
Cash Services - Romainville CITY OUTLET PARIS,"CITY OUTLET PARIS, 93230  Romainville",93230,48.887112,2.434305
AGENCE LA GARENNE COLOMBES REPUBLIQUE - BNP PARIBAS,"31 Boulevard De La Republique, 92250  La Garenne-Colombes",92250,48.9061675,2.248979
AGENCE ASNIERES - BNP PARIBAS,"196 boulevard Voltaire, 92600  Asnieres Sur Seine",92600,48.918859603439,2.2818743082781
AGENCE ROMAINVILLE - BNP PARIBAS,"12 avenue De Verdun, 93230  Romainville",93230,48.883662760139,2.4393997818332
AGENCE ANTONY - BNP PARIBAS,"9 rue Auguste Mounie, 92160  Antony",92160,48.753577214642,2.3038530975924
AGENCE BOIS COLOMBES - BNP PARIBAS,"10 place De La Republique, 92270  Bois Colombes",92270,48.915017468479,2.2678957289199
Cash Services - La Garenne Colombes 4 ROND POINT DU SOUVENIR FRANCAIS,"4 ROND POINT DU SOUVENIR FRANCAIS, 92250  La Garenne Colombes",92250,48.906684,2.247796
Cash Services - Antony 12 RUE DE L EGLISE,"12 RUE DE L EGLISE, 92160  Antony",92160,48.753788,2.296976
AGENCE LA GARENNE COLOMBES LES VALLEES - BNP PARIBAS,"8 Place De La Gare Des Vallees, 92250  La Garenne-Colombes",92250,48.913055887726,2.2576495668648
Cash Services - Colombes 45 RUE FELIX FAURE,"45 RUE FELIX FAURE, 92700  Colombes",92700,48.914841,2.257407
AGENCE CHOISY LE ROI - BNP PARIBAS,"1 avenue Gambetta, 94600  Choisy Le Roi",94600,48.764076598428,2.4053538469502
AGENCE LA GARENNE COLOMBES - BNP PARIBAS,"77 Boulevard National, 92250  La Garenne-Colombes",92250,48.906566,2.2387423
AGENCE GENNEVILLIERS MAIRIE - BNP PARIBAS,"187 avenue Gabriel Peri, Centre Administratif Et Culturel, 92230  Gennevilliers",92230,48.925885290405,2.2939999617383
AGENCE CRETEIL CENTRE COMM REGIONAL - BNP PARIBAS,"101 avenue Du General De Gaulle, Centre Commercial Regional, Niveau 2 – Porte 27, 94000  Creteil",94000,48.791906,2.4463108
AGENCE ILE-DE-FRANCE EST INTERNATIONAL - BNP PARIBAS,"5 Avenue Du Chemin Des Presles, 94410  Saint-Maurice",94410,48.8162286,2.4622894
AGENCE FONTENAY SOUS BOIS GARE - BNP PARIBAS,"41 rue Du Commandant Jean Duhail, 94120  Fontenay Sous Bois",94120,48.843863151119,2.4666404220524
AGENCE JOINVILLE GARE - BNP PARIBAS,"6 rue De Paris, 94340  Joinville Le Pont",94340,48.819346872383,2.4647357421247
AGENCE GARCHES HOTEL DE VILLE - BNP PARIBAS,"139-141 Grande Rue, 92380  Garches",92380,48.844360430086,2.1880486283624
Cash Services - Garches 28 AVENUE JOFFRE,"28 AVENUE JOFFRE, 92380  Garches",92380,48.839696,2.186206
AGENCE SAINT DENIS PORTE DE PARIS - BNP PARIBAS,"6 boulevard Anatole France, 93200  St Denis",93200,48.9301839,2.3558761
Cash Services - Fontenay Sous Bois 51 BOULEVARD DE VERDUN,"51 BOULEVARD DE VERDUN, 94120  Fontenay Sous Bois",94120,48.853513,2.469961
AGENCE NOGENT BALTARD - BNP PARIBAS,"14 grande rue Charles De Gaulle, 94130  Nogent Sur Marne",94130,48.835427134225,2.4746536022137
AGENCE RUEIL BUZENVAL - BNP PARIBAS,"77 boulevard Richelieu, 92500  Rueil Malmaison",92500,48.869227943097,2.1867442670743
AGENCE LA COURNEUVE - BNP PARIBAS,"54 avenue Paul Vaillant Couturier, 93120  La Courneuve",93120,48.920783694247,2.4111875597548
AGENCE COLOMBES - BNP PARIBAS,"2 boulevard De Valmy, 92700  Colombes",92700,48.9240899,2.2529040656414
AGENCE ANTONY SUD - BNP PARIBAS,"171 avenue De La Division Leclerc, 92160  Antony",92160,48.740488211163,2.3026293190719
Cash Services - Fontenay Sous Bois AVENUE DU MARECHAL JOFFRE,"AVENUE DU MARECHAL JOFFRE, 94120  Fontenay Sous Bois",94120,48.852944,2.477358
AGENCE JOINVILLE LE PONT - BNP PARIBAS,"17-19 avenue Du General Gallieni, 94340  Joinville-Le-Pont",94340,48.8202084,2.4767001
AGENCE SAINT MAUR DES FOSSES - BNP PARIBAS,"21 rue De La Varenne, 94100  St Maur Des Fosses",94100,48.8090084,2.4726478
AGENCE VELIZY INOVEL PARC - BNP PARIBAS,"3-5 avenue Morane Saulnier, 78140  Velizy Villacoublay",78140,48.779968521753,2.2049533103814
Cash Services - St Maur Des Fosses SQUARE DE L ABBAYE,"SQUARE DE L ABBAYE, 94100  St Maur Des Fosses",94100,48.81317,2.475011
AGENCE SAINT DENIS BASILIQUE - BNP PARIBAS,"111 rue Gabriel Peri, 93200  St Denis",93200,48.9370934,2.3559734
AGENCE BOBIGNY - BNP PARIBAS,"3 boulevard Lenine, Residence Gabriel Peri, 93000  Bobigny",93000,48.906626713635,2.4405025705346
AGENCE CHAVILLE PAVE DES GARDES - BNP PARIBAS,"2102 avenue Roger Salengro, 92370  Chaville",92370,48.805390778555,2.1830309871025
AGENCE NOISY LE SEC - BNP PARIBAS,"57 rue Jean Jaures, 93130  Noisy Le Sec",93130,48.893443068307,2.4568636861684
AGENCE VERRIERES LE BUISSON - BNP PARIBAS,"52 boulevard Du Marechal Foch, 91370  Verrieres Le Buisson",91370,48.745087270058,2.2684994321476
AGENCE CRETEIL VILLAGE - BNP PARIBAS,"58-60 rue Du General Leclerc, 94000  Creteil",94000,48.791036,2.4645372
AGENCE VILLENEUVE LA GARENNE - BNP PARIBAS,"73 avenue Jean Moulin, 92390  Villeneuve La Garenne",92390,48.94011893001,2.328331737818
AGENCE NANTERRE BARBUSSE - BNP PARIBAS,"23 Rue Henri Barbusse, 92000  Nanterre",92000,48.8903427,2.1949257
AGENCE NANTERRE VILLE - BNP PARIBAS,"82 bis rue Maurice Thorez, 92000  Nanterre",92000,48.895136360761,2.1963859883606
AGENCE NOGENT HOTEL DE VILLE - BNP PARIBAS,"143 grande rue Charles De Gaulle, 94130  Nogent Sur Marne",94130,48.837834474415,2.4876724151657
AGENCE RUEIL MAIRIE FOCH - BNP PARIBAS,"10-12 boulevard Du Marechal Foch, 92500  Rueil Malmaison",92500,48.878150094875,2.1799892539296
AGENCE ORLY VILLE - BNP PARIBAS,"2 rue Du Verger, 94310  Orly",94310,48.743595923192,2.4031969782131
AGENCE VIROFLAY - BNP PARIBAS,"98 avenue Du General Leclerc, 78220  Viroflay",78220,48.804199835148,2.1724571005943
AGENCE ROSNY SOUS BOIS - BNP PARIBAS,"36-40 rue General Gallieni, 93110  Rosny Sous Bois",93110,48.872430548461,2.4847664639476
AGENCE SAINT MAUR DES FOSSES MAIRIE - BNP PARIBAS,"3 Rue Andre De Cayeux, 94100  Saint-Maur-Des-Fosses",94100,48.8046738,2.4862286
AGENCE SAINT MAUR PLACE DES DEUX LIONS - BNP PARIBAS,"88 boulevard De Creteil, 94100  Saint Maur Des Fosses",94100,48.798063062112,2.4830324977436
AGENCE VELIZY VILLACOUBLAY - BNP PARIBAS,"avenue Du General De Gaulle, Centre Commercial Du Mail, 78140  Velizy Villacoublay",78140,48.784903221857,2.182326974205
AGENCE RUEIL CHATEAU - BNP PARIBAS,"181 avenue Napoleon Bonaparte, 92500  Rueil Malmaison",92500,48.875434853888,2.1698976731655
AGENCE EPINAY LA BRICHE - BNP PARIBAS,"51-53 boulevard Foch, 93800  Epinay Sur Seine",93800,48.949005922992,2.3297626276387
AGENCE BIEVRES - BNP PARIBAS,"4 Ter Rue De Paris, 91570  Bievres",91570,48.7551143,2.2160488
Cash Services - Nanterre 8 RUE DU PORT,"8 RUE DU PORT, 92000  Nanterre",92000,48.893653,2.178915
AGENCE DRANCY - BNP PARIBAS,"2 rue Du 8 Mai 1945, 93700  Drancy",93700,48.918394611737,2.4486679862459
AGENCE MASSY CENTRE - BNP PARIBAS,"89 rue Gabriel Peri, 91300  Massy",91300,48.729837653357,2.2763220349825
AGENCE RUEIL GARE - BNP PARIBAS,"74 avenue De Colmar, 92500  Rueil Malmaison",92500,48.886979724794,2.1717898521149
AGENCE BONDY GARE - BNP PARIBAS,"1 rue De La Liberte, 93140  Bondy",93140,48.895329922045,2.4780838542465
Cash Services - Drancy 4 RUE ANATOLE FRANCE,"4 RUE ANATOLE FRANCE, 93700  Drancy",93700,48.923558,2.446177
AGENCE LE PERREUX - BNP PARIBAS,"2 Rue De La Station, 94170  Le Perreux-Sur-Marne",94170,48.8427259,2.5033892
AGENCE VAUCRESSON - BNP PARIBAS,"1 Rue Aubriet, 92420  Vaucresson",92420,48.8378413,2.1524723
AGENCE BEZONS - BNP PARIBAS,"86-88 Rue Edouard Vaillant, Residence St Martin, 95870  Bezons",95870,48.9261979,2.2126053
AGENCE ARGENTEUIL - BNP PARIBAS,"13 avenue Gabriel Peri, 95100  Argenteuil",95100,48.94305453204,2.2515154031655
AGENCE LA CELLE SAINT CLOUD - BNP PARIBAS,"place Du Docteur Berthet, 78170  La Celle St Cloud",78170,48.848735757101,2.1512607431305
AGENCE LE BOURGET - BNP PARIBAS,"72 Avenue De La Division Leclerc, 93350  Le Bourget",93350,48.9354825,2.4268067
AGENCE NEUILLY PLAISANCE - BNP PARIBAS,"23 avenue Du Marechal Foch, 93360  Neuilly Plaisance",93360,48.862840476196,2.5034139418073
AGENCE ARGENTEUIL GARE - BNP PARIBAS,"7-9 rue Paul Vaillant Couturier, 95100  Argenteuil",95100,48.946952364097,2.2553518737939
AGENCE STAINS - BNP PARIBAS,"2 avenue Francois Begue, 93240  Stains",93240,48.9516242,2.3821922
Cash Services - Argenteuil 63 AVENUE GABRIEL PERI,"63 AVENUE GABRIEL PERI, 95100  Argenteuil",95100,48.945428,2.249637
Cash Services - Villeneuve Le Roi 65 RUE DU GENERAL DE GAULLE,"65 RUE DU GENERAL DE GAULLE, 94290  Villeneuve Le Roi",94290,48.734967,2.420624
AGENCE VILLENEUVE LE ROI - BNP PARIBAS,"46 rue Du General De Gaulle, 94290  Villeneuve Le Roi",94290,48.735255724446,2.4221149804285
AGENCE PARIS SACLAY INTERNATIONAL - BNP PARIBAS,"1 Rue Galvani, 91300  Massy",91300,48.7237212,2.2698891
AGENCE CARRIERES SUR SEINE - BNP PARIBAS,"55 Boulevard Carnot, 78420  Carrieres-Sur-Seine",78420,48.9094027,2.1785103
AGENCE CHATOU - BNP PARIBAS,"2 rue Du General Colin, Residence Foch, 78400  Chatou",78400,48.888581791309,2.1587923584643
AGENCE CHAMPIGNY SUR MARNE - BNP PARIBAS,"place Lenine, 94500  Champigny Sur Marne",94500,48.811820936071,2.5108292736801
AGENCE MASSY GRAND OUEST - BNP PARIBAS,"12 rue Ramolfo Garnier, 91300  Massy",91300,48.722625816031,2.2618505637543
AGENCE VERSAILLES COMTE D'ARTOIS - BNP PARIBAS,"40 rue De Montreuil, 78000  Versailles",78000,48.804564765154,2.1460038622756
AGENCE LA VARENNE SAINT HILAIRE - BNP PARIBAS,"32 B avenue Du Bac, 94210  Saint Maur Des Fosses",94210,48.796369840512,2.5064336957356
AGENCE EPINAY LE CYGNE D'ENGHIEN - BNP PARIBAS,"59 avenue Gallieni, Le Cygne D Enghien, 93800  Epinay Sur Seine",93800,48.962430336142,2.2963316346943
AGENCE IGNY - BNP PARIBAS,"20 rue Pierre Lescot, 91430  Igny",91430,48.733188426287,2.2215420729643
AGENCE CROISSY SUR SEINE - BNP PARIBAS,"5 boulevard Fernand Hostachy, Les Traverses Du Parc Batiment A, 78290  Croissy Sur Seine",78290,48.87761404841,2.1454718568709
AGENCE HOUILLES - BNP PARIBAS,"24-26 rue De L Eglise, Zac De L Eglise, 78800  Houilles",78800,48.925989375533,2.1880162844332
AGENCE BRY SUR MARNE - BNP PARIBAS,"2 Rue de Noisy le Grand, 94360  Bry-Sur-Marne",94360,48.8387348,2.5219732
AGENCE BOUGIVAL - BNP PARIBAS,"1 place Du General De Gaulle, 78380  Bougival",78380,48.86593766604,2.1381863110297
AGENCE PIERREFITTE SUR SEINE - BNP PARIBAS,"55 Rue De Paris, 93200  Saint-Denis",93200,48.966059,2.3607854
AGENCE VERSAILLES RIVE DROITE - BNP PARIBAS,"60 rue Du Marechal Foch, 78000  Versailles",78000,48.8117243,2.1354099
AGENCE VILLEMOMBLE - BNP PARIBAS,"11 place De La Gare, 93250  Villemomble",93250,48.889181386052,2.5107206677462
AGENCE LE BLANC MESNIL - BNP PARIBAS,"23 avenue Pierre Et Marie Curie, 93150  Le Blanc Mesnil",93150,48.936080429482,2.460141642013
AGENCE VILLENEUVE SAINT GEORGES - BNP PARIBAS,"5 avenue Carnot, 94190  Villeneuve St Georges",94190,48.733139405278,2.4475983012234
AGENCE JOUY EN JOSAS - BNP PARIBAS,"50 rue Jean Jaures, 78350  Jouy En Josas",78350,48.765551868855,2.1620612288382
AGENCE SAINT GRATIEN - BNP PARIBAS,"29 Rue Berthie Albrecht, 95210  Saint-Gratien",95210,48.9674366,2.2849481
AGENCE LE RAINCY - BNP PARIBAS,"9-11 avenue De La Resistance, 93340  Le Raincy",93340,48.89161763818,2.5122360354967
AGENCE ENGHIEN MORA - BNP PARIBAS,"47 B rue Du General De Gaulle, 95880  Enghien Les Bains",95880,48.970584586193,2.3070730140862
AGENCE LE CHESNAY VILLE - BNP PARIBAS,"18 rue De Versailles, 78150  Le Chesnay",78150,48.816743243107,2.1281798413723
AGENCE VERSAILLES ETATS GENERAUX - BNP PARIBAS,"36 rue Des Etats Generaux, 78000  Versailles",78000,48.797750482333,2.1349383382253
AGENCE LES PAVILLONS SOUS BOIS - BNP PARIBAS,"125 avenue Jean Jaures, 93320  Les Pavillons Sous Bois",93320,48.90430054796,2.5049122167795
AGENCE LA VARENNE ST HILAIRE MARCHE - BNP PARIBAS,"115-117 avenue Du Bac, 94210  Saint Maur Des Fosses",94210,48.791934602162,2.518736928836
AGENCE VERSAILLES FOCH - BNP PARIBAS,"1 rue Du Marechal Foch, 78000  Versailles",78000,48.805397653133,2.1310760728069
AGENCE VERSAILLES INTERNATIONAL - BNP PARIBAS,"1 Rue Du Marechal Foch, 78000  Versailles",78000,48.805397653133,2.1310760728069
Cash Services - Bry Sur Marne 19 BOULEVARD JEAN MONNET,"19 BOULEVARD JEAN MONNET, 94360  Bry Sur Marne",94360,48.830143,2.531326
Cash Services - Le Chesnay Rocquencourt 15 RUE POTTIER,"15 RUE POTTIER, LE CHESNAY, 78150  Le Chesnay Rocquencourt",78150,48.82703,2.124832
AGENCE NEUILLY SUR MARNE - BNP PARIBAS,"15 avenue Du General De Gaulle, 93330  Neuilly-Sur-Marne",93330,48.8572014,2.5305905
AGENCE ATHIS MONS - BNP PARIBAS,"103 avenue Francois Mitterrand, 91200  Athis Mons",91200,48.706159199992,2.3713414815311
AGENCE MONTESSON - BNP PARIBAS,"25 rue Du General Leclerc, 78360  Montesson",78360,48.9085503,2.15139
Cash Services - Palaiseau 4 PLACE DES CAUSEUSES,"4 PLACE DES CAUSEUSES, 91120  Palaiseau",91120,48.716982,2.234042
AGENCE PALAISEAU - BNP PARIBAS,"117 rue De Paris, 91120  Palaiseau",91120,48.71358796103,2.2445629047788
AGENCE DEUIL LA BARRE - BNP PARIBAS,"1 rue Cauchoix, 95170  Deuil La Barre",95170,48.975158323576,2.3239775668433
AGENCE LIMEIL BREVANNES - BNP PARIBAS,"1 place Eugene Colleau, 94450  Limeil Brevannes",94450,48.751195564838,2.4904695727387
AGENCE CHILLY MAZARIN - BNP PARIBAS,"rue Pierre Brossolette, 91380  Chilly Mazarin",91380,48.700241242804,2.3185107047462
AGENCE SANNOIS - BNP PARIBAS,"4 boulevard Charles De Gaulle, 95110  Sannois",95110,48.970034299591,2.2628144799902
AGENCE LE CHESNAY PARLY 2 - BNP PARIBAS,"43 rue Moxouris, 78150  Le Chesnay",78150,48.830469884579,2.117743548908
AGENCE LE VESINET - BNP PARIBAS,"61 B boulevard Carnot, 78110  Le Vesinet",78110,48.893998654391,2.1339541938485
AGENCE AULNAY SOUS BOIS - BNP PARIBAS,"29 Boulevard De Strasbourg, 93600  Aulnay-Sous-Bois",93600,48.9283407,2.4916575
AGENCE GARGES DAME BLANCHE - BNP PARIBAS,"1-7 place De L'Hotel De Ville, Cc Rond Point De La Dame Blanche, 95140  Garges Les Gonesse",95140,48.971257655323,2.4012475482946
AGENCE SUCY EN BRIE - BNP PARIBAS,"1 Place Du Clos De Pacy, Centre Commercial Le Clos De Pacy, 94370  Sucy-En-Brie",94370,48.7725024,2.5184698
AGENCE SARCELLES LES FLANADES - BNP PARIBAS,"7 avenue Du 8 Mai 1945, 95200  Sarcelles",95200,48.976865871197,2.3748790517969
AGENCE VILLIERS SUR MARNE - BNP PARIBAS,"18 place De La Gare, 94350  Villiers-Sur-Marne",94350,48.8237765,2.5427397
AGENCE NOISY MONT D'EST - BNP PARIBAS,"12 boulevard Du Mont D Est, 93160  Noisy Le Grand",93160,48.84296,2.54504
AGENCE GAGNY - BNP PARIBAS,"5 rue Henri Maillard, 93220  Gagny",93220,48.885003332792,2.533785506023
AGENCE ORMESSON SUR MARNE - BNP PARIBAS,"106 avenue Du General De Gaulle, 94490  Ormesson Sur Marne",94490,48.790689036096,2.5343489416988
Cash Services - Soisy Sous Montmorency 1 PLACE ANDRE FOULON,"1 PLACE ANDRE FOULON, 95230  Soisy Sous Montmorency",95230,48.980322,2.291955
AGENCE BOISSY SAINT LEGER - BNP PARIBAS,"1 bis rue De Paris, 94470  Boissy St Leger",94470,48.753947240915,2.5071071135612
AGENCE NOISY LE GRAND - BNP PARIBAS,"227 rue Pierre Brossolette, 93160  Noisy Le Grand",93160,48.848820450706,2.5518629104024
AGENCE LIVRY GARGAN CHANZY - BNP PARIBAS,"14-16 avenue Aristide Briand, Residence Les Grand Chenes Bat A, 93190  Livry Gargan",93190,48.912533060473,2.5227917803555
AGENCE GROSLAY - BNP PARIBAS,"2 rue Claude Warocquier, 95410  Groslay",95410,48.986141688381,2.3483737310403
Cash Services - Soisy Sous Montmorency 12 AVENUE DU GENERAL DE GAULLE,"12 AVENUE DU GENERAL DE GAULLE, 95230  Soisy Sous Montmorency",95230,48.986136,2.300303
AGENCE SACLAY TECH POINT - BNP PARIBAS,"19 avenue De La Vauve, 91120  Palaiseau",91120,48.714254926556,2.2013459858791
AGENCE SOISY SOUS MONTMORENCY - BNP PARIBAS,"5 Avenue Du General De Gaulle, 95230  Soisy-Sous-Montmorency",95230,48.9872535,2.3008339
Cash Services - Montesson 280 AVENUE GABRIEL PERI,"280 AVENUE GABRIEL PERI, 78360  Montesson",78360,48.92824,2.145358
AGENCE MONTMORENCY - BNP PARIBAS,"17 place Roger Levanneur, 95160  Montmorency",95160,48.988564636621,2.3193204496421
Cash Services - Vigneux Sur Seine 55 B AVENUE HENRI CHARON,"55 B AVENUE HENRI CHARON, 91270  Vigneux Sur Seine",91270,48.703747,2.4305
AGENCE SARTROUVILLE - BNP PARIBAS,"62-66 bis avenue Jean Jaures, 78500  Sartrouville",78500,48.939224892878,2.1582636386925
AGENCE CROSNE - BNP PARIBAS,"9 place Boileau, 91560  Crosne",91560,48.714820919722,2.459366882323
AGENCE VIGNEUX SUR SEINE - BNP PARIBAS,"41 avenue Henri Barbusse, 91270  Vigneux Sur Seine",91270,48.699062382164,2.4167748773156
AGENCE LONGJUMEAU - BNP PARIBAS,"1 Residence Les Arcades, Cc Longjumeau Sud, 91160  Longjumeau",91160,48.68943807245,2.2887426229706
AGENCE JUVISY SUR ORGE - BNP PARIBAS,"23 rue Victor Hugo, 91260  Juvisy Sur Orge",91260,48.690058552347,2.3774184793166
Cash Services - Sucy En Brie PLACE SAINTE BERNADETTE,"PLACE SAINTE BERNADETTE, 94370  Sucy En Brie",94370,48.767193,2.533087
AGENCE MARLY LE ROI - BNP PARIBAS,"8 rue Carnot, 78160  Marly Le Roi",78160,48.871210881994,2.0956053846248
AGENCE EAUBONNE - BNP PARIBAS,"22 avenue De Paris, 95600  Eaubonne",95600,48.99253083233,2.2837399057735
AGENCE SAVIGNY SUR ORGE - BNP PARIBAS,"43 rue Henri Dunant, 91600  Savigny Sur Orge",91600,48.680722569686,2.3424096983231
AGENCE CORMEILLES EN PARISIS - BNP PARIBAS,"7 avenue Foch, 95240  Cormeilles En Parisis",95240,48.969514454974,2.1942633608369
AGENCE ERMONT - BNP PARIBAS,"9 bis rue Du 18 Juin, 95120  Ermont",95120,48.989352203513,2.2574321828158
AGENCE MONTFERMEIL - BNP PARIBAS,"184 bis avenue Jean Jaures, 93370  Montfermeil",93370,48.898915086053,2.5501160935412
AGENCE SARCELLES - BNP PARIBAS,"80 rue Pierre Brossolette, 95200  Sarcelles",95200,48.993663815539,2.3780471077778
AGENCE MONTGERON - BNP PARIBAS,"93 B avenue De La Republique, 91230  Montgeron",91230,48.704694343044,2.4597744280898
AGENCE FRANCONVILLE - BNP PARIBAS,"94 rue Du General Leclerc, 95130  Franconville",95130,48.9838096,2.2285014
AGENCE SAINT BRICE SOUS FORET - BNP PARIBAS,"19 rue De Paris, 95350  St Brice Sous Foret",95350,48.997650279312,2.3563494386231
AGENCE MAISONS LAFFITTE - BNP PARIBAS,"7 Place Du Marechal Juin, 78600  Maisons-Laffitte",78600,48.945534275911,2.1460921534424
AGENCE DRAVEIL - BNP PARIBAS,"40 place De La Republique, 91210  Draveil",91210,48.68563714313,2.4109305288361
AGENCE LE PLESSIS TREVISE - BNP PARIBAS,"19 avenue Ardouin, 94420  Le Plessis Trevise",94420,48.808716792884,2.5745061544453
AGENCE ARNOUVILLE - BNP PARIBAS,"1 rue Du Marche, 95400  Arnouville",95400,48.993321701829,2.4142213597456
AGENCE LIVRY GARGAN - BNP PARIBAS,"1 rue De L Eglise, 93190  Livry Gargan",93190,48.922664564399,2.5445873785736
AGENCE GOURNAY SUR MARNE - BNP PARIBAS,"14 avenue Paul Doumer, 93460  Gournay Sur Marne",93460,48.862698214026,2.577321463143
AGENCE SAINT GERMAIN EN LAYE - BNP PARIBAS,"1 rue De La Republique, 78100  Saint-Germain-En-Laye",78100,48.8978413,2.0928928
AGENCE SAINT-GERMAIN-EN-LAYE INTERNATIONAL - BNP PARIBAS,"1 Rue De La Republique, 78100  Saint-Germain-En-Laye",78100,48.8978413,2.0928928
AGENCE SEVRAN - BNP PARIBAS,"17 rue Lucien Sportiss, 93270  Sevran",93270,48.936836982367,2.5316076709337
Cash Services - Montgeron 135 AVENUE DE LA REPUBLIQUE,"135 AVENUE DE LA REPUBLIQUE, 91230  Montgeron",91230,48.699807,2.468726
AGENCE VIRY CHATILLON - BNP PARIBAS,"1 place Rene Coty, 91170  Viry Chatillon",91170,48.674202363468,2.3774414339425
AGENCE SAINT GERMAIN PLACE DU MARCHE - BNP PARIBAS,"31-33 rue De Pologne, 78100  Saint-Germain-En-Laye",78100,48.897247019014,2.089566852848
AGENCE GONESSE - BNP PARIBAS,"62 rue De Paris, 95500  Gonesse",95500,48.986192887173,2.4487464402404
Cash Services - Orsay PL DU MARCHE,"PL DU MARCHE, 91400  Orsay",91400,48.697208,2.189675
AGENCE CHAMPS SUR MARNE - BNP PARIBAS,"5 boulevard Archimede, 77420  Champs Sur Marne",77420,48.8438607,2.583882
AGENCE ORSAY - BNP PARIBAS,"3 place De La Republique, 91400  Orsay",91400,48.69631,2.1846623
AGENCE NOISY LE ROI - BNP PARIBAS,"4 Rue Andre Le Bourblanc, Cc L'oree De Marly, 78590  Noisy-Le-Roi",78590,48.8430394,2.0670001
Cash Services - Franconville La Garenne 41 AVENUE DES MARAIS,"41 AVENUE DES MARAIS, 95130  Franconville La Garenne",95130,48.995279,2.220637
AGENCE YERRES - BNP PARIBAS,"1 place Gambetta, 91330  Yerres",91330,48.700919976327,2.4868610932541
AGENCE CHELLES - BNP PARIBAS,"40-40 bis avenue De La Resistance, 77500  Chelles",77500,48.876651328168,2.5845928599435
Cash Services - Franconville La Garenne 395 RUE DU GENERAL DE GAULL,"395 RUE DU GENERAL DE GAULL, 95130  Franconville La Garenne",95130,49.002621,2.237819
AGENCE BURES SUR YVETTE - BNP PARIBAS,"55 rue Charles De Gaulle, 91440  Bures Sur Yvette",91440,48.696895566917,2.163079706746
AGENCE SAINT CYR L'ECOLE - BNP PARIBAS,"13 rue Gabriel Peri, 78210  St Cyr L Ecole",78210,48.8004794,2.0633495
AGENCE VILLEPINTE - BNP PARIBAS,"chemin De Vaujours, Centre Commercial Parc De La Noue, 93420  Villepinte",93420,48.9207564,2.5696439
AGENCE GUYANCOURT - BNP PARIBAS,"38 rue Georges Haussmann, Zac De Villaroy Ilot Co4.lot 2, 78280  Guyancourt",78280,48.766928089712,2.0785532961977
AGENCE MAROLLES EN BRIE - BNP PARIBAS,"16 rue Des Marchands, 94440  Marolles En Brie",94440,48.737133990351,2.553788269732
AGENCE BRUNOY - BNP PARIBAS,"1 Grande Rue, 91800  Brunoy",91800,48.697946345227,2.5037035917778
AGENCE FOURQUEUX - BNP PARIBAS,"5 place De La Grille, Zac Des Terres Fleuries, 78112  Fourqueux",78112,48.890026627312,2.0625950515205
AGENCE MORSANG SUR ORGE - BNP PARIBAS,"73 route De Corbeil, 91390  Morsang Sur Orge",91390,48.65540105859,2.3388149581871
AGENCE HERBLAY - BNP PARIBAS,"5 place De La Liberation, 95220  Herblay",95220,48.990960117939,2.1669509088553
Cash Services - Longpont Sur Orge CCAL LES ECHASSONS,"CCAL LES ECHASSONS, 91310  Longpont Sur Orge",91310,48.655016,2.279914
AGENCE LES ULIS - BNP PARIBAS,"122 Avenue Des Champs Lasniers, 91940  Les Ulis",91940,48.683595,2.1699298
AGENCE SAINTE GENEVIEVE DES BOIS GARE - BNP PARIBAS,"30 avenue Gabriel Peri, 91700  Sainte Genevieve Des Bois",91700,48.651575786192,2.3164018000347
AGENCE GRIGNY LA MARE AUX MOINES - BNP PARIBAS,"52 route De Corbeil, Cc De La Mare Aux Moines, 91350  Grigny",91350,48.655275033934,2.3863569196811
AGENCE PONTAULT COMBAULT - BNP PARIBAS,"46 Avenue Charles Rouxel, 77340  Pontault-Combault",77340,48.7947199,2.6042811
AGENCE SAINT LEU LA FORET - BNP PARIBAS,"8 Rue Du General Leclerc, 95320  Saint-Leu-La-Foret",95320,49.017603466661,2.24613011842
AGENCE NOZAY - BNP PARIBAS,"rue Du Vieux Lavoir Zac De La Futai, 91620  Nozay",91620,48.65991266733,2.2415939497185
Cash Services - Fontenay Le Fleury 7 RUE PASTEUR,"7 RUE PASTEUR, 78330  Fontenay Le Fleury",78330,48.812647,2.046296
AGENCE GIF SACLAY - BNP PARIBAS,"20 rue Raoul Dautry, 91190  Gif Sur Yvette",91190,48.699356822377,2.1367194877315
AGENCE FONTENAY LE FLEURY - BNP PARIBAS,"9 avenue Voltaire, Centre Commercial De La Cuve, 78330  Fontenay Le Fleury",78330,48.810878004404,2.0437904029434
Cash Services - Pontault Combault 81 AVENUE DU GENERAL DE GAULLE,"81 AVENUE DU GENERAL DE GAULLE, 77340  Pontault Combault",77340,48.801516,2.611907
AGENCE BEAUCHAMP - BNP PARIBAS,"137 chaussée Jules Cesar, 95250  Beauchamp",95250,49.009071614465,2.198220188254
AGENCE TREMBLAY EN FRANCE - BNP PARIBAS,"27 rue Roger Salengro, 93290  Tremblay En France",93290,48.942073615077,2.5735873609392
AGENCE DOMONT - BNP PARIBAS,"32 avenue Jean Jaures, 95330  Domont",95330,49.030664990931,2.3342977907379
AGENCE MONTIGNY VILLE NOUVELLE - BNP PARIBAS,"2 Place Etienne Francois Choiseul, 78180  Montigny-Le-Bretonneux",78180,48.7859383,2.0462309
Cash Services - Chambourcy ROUTE NATIONALE 13,"ROUTE NATIONALE 13, 78240  Chambourcy",78240,48.90471,2.052152
AGENCE RIS ORANGIS - BNP PARIBAS,"65 rue Pierre Brossolette, 91130  Ris Orangis",91130,48.64928859142,2.409399250255
AGENCE LOGNES - BNP PARIBAS,"1 Rue Louis De Chardonnet, Immeuble Le Rond Point, 77185  Lognes",77185,48.8391401,2.6293903
AGENCE BOIS D'ARCY - BNP PARIBAS,"51 avenue Jean Jaures, 78390  Bois D Arcy",78390,48.8003663,2.0324059
AGENCE VOISINS LE BRETONNEUX - BNP PARIBAS,"centre commercial De Champfleury, 78960  Voisins Le Bretonneux",78960,48.755938006857,2.0535591291748
AGENCE TAVERNY - BNP PARIBAS,"195 rue De Paris, 95150  Taverny",95150,49.026043555389,2.2251851902408
Cash Services - Taverny 54 AVENUE DE LA GARE,"54 AVENUE DE LA GARE, 95150  Taverny",95150,49.026115,2.221091
AGENCE SAINTE GENEVIEVE DES BOIS - BNP PARIBAS,"3 rue Des Eglantiers, 91700  Sainte Genevieve Des Bois",91700,48.6376819,2.3319482
AGENCE SAINT NOM LA BRETECHE - BNP PARIBAS,"8 Rue Michel Perot, 78860  Saint-Nom-La-Breteche",78860,48.8600474,2.0230718
AGENCE MONTLHERY - BNP PARIBAS,"18 place Du Marche, 91310  Montlhery",91310,48.639270672461,2.271233061469
Cash Services - St Michel Sur Orge 80 RUE DE MONTLHERY,"80 RUE DE MONTLHERY, 91240  St Michel Sur Orge",91240,48.635776,2.30613
Cash Services - Montlhery 3 PLACE DU MARCHE,"3 PLACE DU MARCHE, 91310  Montlhery",91310,48.638628,2.27084
Cash Services - Poissy 74 BOULEVARD ROBESPIERRE,"74 BOULEVARD ROBESPIERRE, 78300  Poissy",78300,48.933848,2.053048
AGENCE GIF SUR YVETTE CHEVRY 2 - BNP PARIBAS,"11 place Marche Neuf, 91190  Gif-Sur-Yvette",91190,48.6885997,2.1150901
Cash Services - Lesigny CTRE CIAL DU PARC,"CTRE CIAL DU PARC, 77150  Lesigny",77150,48.739286,2.605783
AGENCE SOISY SUR SEINE - BNP PARIBAS,"13 rue Galignani, 91450  Soisy Sur Seine",91450,48.646613268819,2.4519775404232
AGENCE VAIRES SUR MARNE - BNP PARIBAS,"4 Rue De La Gare, 77360  Vaires-Sur-Marne",77360,48.874422,2.6399609
AGENCE POISSY - BNP PARIBAS,"1 boulevard De La Paix, 78300  Poissy",78300,48.930100020818,2.0418585439468
AGENCE ACHERES - BNP PARIBAS,"10 allée Simone Signoret, 78260  Acheres",78260,48.960660851636,2.0677836285338
Cash Services - Croissy Beaubourg BOULEVARD GEORGES BIDAULT,"BOULEVARD GEORGES BIDAULT, 77183  Croissy Beaubourg",77183,48.830729,2.650529
AGENCE TORCY - BNP PARIBAS,"53-55 Rue De Paris, 77200  Torcy",77200,48.8507566,2.6509442
AGENCE VILLEPARISIS - BNP PARIBAS,"178 Avenue General De Gaulle, 77270  Villeparisis",77270,48.9504312,2.6032308
Cash Services - Poissy 26 PL RACINE C COMM N1,"26 PL RACINE C COMM N1, 78300  Poissy",78300,48.921323,2.029013
AGENCE SAINT REMY LES CHEVREUSE - BNP PARIBAS,"5 rue De La Republique, 78470  St Remy Les Chevreuse",78470,48.705578,2.071382
AGENCE GOUSSAINVILLE - BNP PARIBAS,"2 boulevard Roger Salengro, 95190  Goussainville",95190,49.031539384322,2.4747544056694
Cash Services - Roissy En Brie CTRE COMMERCIAL FERME D AYAU,"CTRE COMMERCIAL FERME D AYAU, 77680  Roissy En Brie",77680,48.793324,2.64901
Cash Services - Conflans Ste Honorine 221 B AVENUE DU MARECHAL FOCH,"221 B AVENUE DU MARECHAL FOCH, 78700  Conflans Ste Honorine",78700,49.005959,2.115191
AGENCE CONFLANS ST HONORINE - BNP PARIBAS,"21 rue Maurice Berteaux, 78700  Conflans Sainte Honorine",78700,48.9922317,2.0910722
AGENCE EVRY COURCOURONNES - BNP PARIBAS,"64 allée Des Champs Elysees, 91080  Courcouronnes",91080,48.628550558065,2.4239783011886
AGENCE ROISSY EN BRIE - BNP PARIBAS,"2 Premiere Avenue, 77680  Roissy-En-Brie",77680,48.790372031673,2.6562602895492
AGENCE TRAPPES - BNP PARIBAS,"29 rue Jean Jaures, 78190  Trappes",78190,48.776226080987,2.0022590744865
AGENCE LES CLAYES SOUS BOIS - BNP PARIBAS,"23 avenue Jules Ferry, 78340  Les Clayes Sous Bois",78340,48.822776956866,1.9863140024468
Cash Services - Le Plessis Pate AVENUE DU PARC,"AVENUE DU PARC, 91220  Le Plessis Pate",91220,48.61165,2.322121
AGENCE BRETIGNY SUR ORGE - BNP PARIBAS,"10 rue Lucien Bouget, Le Clos Des Vignes, 91220  Bretigny Sur Orge",91220,48.610340992293,2.3056500375427
AGENCE CHEVREUSE - BNP PARIBAS,"58 rue De La Division Leclerc, 78460  Chevreuse",78460,48.707590094911,2.0404026048935
Cash Services - Trappes 24 AVENUE DU MAHATMA GANDHI,"24 AVENUE DU MAHATMA GANDHI, 78190  Trappes",78190,48.776869,1.987703
AGENCE LISSES - BNP PARIBAS,"centre commercial Du Long Rayage, 91090  Lisses",91090,48.611468354273,2.4172206551989
AGENCE COMBS LA VILLE - BNP PARIBAS,"47 rue Sommeville, Zac Du Quartier De L'hotel De Ville, 77380  Combs La Ville",77380,48.664138712429,2.5663605662704
AGENCE BRIE COMTE ROBERT - BNP PARIBAS,"15 boulevard De La Republique, 77170  Brie Comte Robert",77170,48.691063639624,2.6065958977899
Cash Services - Elancourt 8 PLACE DE PARIS,"8 PLACE DE PARIS, 78990  Elancourt",78990,48.791665,1.972907
AGENCE OZOIR LA FERRIERE - BNP PARIBAS,"24 bis avenue General Leclerc, 77330  Ozoir La Ferriere",77330,48.765625610026,2.6732621031531
AGENCE LOUVRES - BNP PARIBAS,"25 rue Du Docteur Paul Bruel, Residence Du Parc, 95380  Louvres",95380,49.048029142251,2.5054982723873
AGENCE PLAISIR SABLONS - BNP PARIBAS,"centre commercial Grand Plaisir, 78370  Plaisir",78370,48.8266856586,1.9611380573945
AGENCE PLAISIR LES GATINES - BNP PARIBAS,"2 rue Pablo Picasso, 78370  Plaisir",78370,48.804002589821,1.9641543540367
AGENCE ORGEVAL - BNP PARIBAS,"2 rue De La Chapelle, 78630  Orgeval",78630,48.919352176969,1.9766991313115
AGENCE ELANCOURT LES TEMPLIERS - BNP PARIBAS,"centre commercial De La Villedieu, 78990  Elancourt",78990,48.770167724359,1.9692528849516
AGENCE CORBEIL ESSONNES - BNP PARIBAS,"26 place Du Comte Haymon, 91100  Corbeil Essonnes",91100,48.612603613309,2.4812882489371
AGENCE BUSSY SAINT GEORGES - BNP PARIBAS,"16 Boulevard De Lagny, 77600  Bussy-Saint-Georges",77600,48.8402067,2.7050315
Cash Services - Le Mesnil Amelot 30 RUE DE CLAYE,"30 RUE DE CLAYE, 77990  Le Mesnil Amelot",77990,49.018249,2.590271
AGENCE SAINT PIERRE DU PERRAY - BNP PARIBAS,"avenue Du General De Gaulle, 91280  Saint Pierre Du Perray",91280,48.616295998679,2.5040209261874
AGENCE LAGNY - BNP PARIBAS,"6-8 Rue Saint-laurent, 77400  Lagny-Sur-Marne",77400,48.876854,2.7048241
AGENCE BUSSY SAINT GEORGES PARVIS - BNP PARIBAS,"4 Rue Paul Delouvrier, Zac Du Centre Ville-sud Rer, 77600  Bussy-Saint-Georges",77600,48.8362154,2.7106245
AGENCE LIMOURS - BNP PARIBAS,"11 place Du General De Gaulle, 91470  Limours",91470,48.645742357261,2.0766456987766
AGENCE SAINT OUEN L'AUMONE - BNP PARIBAS,"15 rue Du General Leclerc, 95310  St Ouen L Aumone",95310,49.046411778515,2.1057318374344
AGENCE ARPAJON - BNP PARIBAS,"107 Grande Rue, La Grappe D Or, 91290  Arpajon",91290,48.58759272395,2.2468440860932
AGENCE CERGY - BNP PARIBAS,"90 Parvis De La Prefecture, 95000  Cergy",95000,49.035508284605,2.0783582006807
AGENCE LIEUSAINT - BNP PARIBAS,"96 rue De Paris, 77127  Lieusaint",77127,48.629231908631,2.5547131709197
AGENCE CLAYE SOUILLY - BNP PARIBAS,"9-9 bis rue Jean Jaures, 77410  Claye-Souilly",77410,48.945008445337,2.683728826424
AGENCE TRIEL SUR SEINE - BNP PARIBAS,"159 rue Paul Doumer, 78510  Triel Sur Seine",78510,48.981574656653,2.0026822564835
AGENCE PONTOISE POTHUIS - BNP PARIBAS,"quai Du Pothuis, 95300  Pontoise",95300,49.049340841087,2.1022986019168
AGENCE PONTOISE - BNP PARIBAS,"9 rue Thiers, 95300  Pontoise",95300,49.048523247683,2.095948039519
AGENCE JOUY LE MOUTIER - BNP PARIBAS,"16 rue Maurice Ravel, 95280  Jouy Le Moutier",95280,49.010820983381,2.0293579408342
AGENCE MAUREPAS - BNP PARIBAS,"14 place Du Sancerrois, 78310  Maurepas",78310,48.762080039287,1.9449716191243
AGENCE LE MESNIL SAINT DENIS - BNP PARIBAS,"92 avenue Habert De Montmort, 78320  Le Mesnil St Denis",78320,48.739653858615,1.9505189908768
AGENCE CHANTELOUP EN BRIE - BNP PARIBAS,"82 Avenue Du Chene Saint-fiacre, 77600  Chanteloup-En-Brie",77600,48.8560593,2.7455172
AGENCE VERNEUIL SUR SEINE - BNP PARIBAS,"53 boulevard Andre Malraux, 78480  Verneuil Sur Seine",78480,48.982013880507,1.9704637632294
AGENCE MENNECY - BNP PARIBAS,"9 rue De La Croix Boissee, 91540  Mennecy",91540,48.566675452783,2.4341342025866
AGENCE OSNY - BNP PARIBAS,"2 bis square Des Artistes, 95520  Osny",95520,49.061513541741,2.0668954404961
Cash Services - L Isle Adam 76 RUE DE NOGENT,"76 RUE DE NOGENT, 95290  L Isle Adam",95290,49.112995,2.228408
AGENCE L'ISLE ADAM - BNP PARIBAS,"16 Rue Saint Lazare, 95290  L'Isle-Adam",95290,49.1112776,2.2170775
AGENCE JOUARS PONTCHARTRAIN - BNP PARIBAS,"14 route Du Pontel, 78760  Jouars Pontchartrain",78760,48.803227988613,1.8990991557791
AGENCE GRETZ ARMAINVILLIERS - BNP PARIBAS,"64 rue De Paris, 77220  Gretz Armainvilliers",77220,48.741554649708,2.7359064694565
AGENCE VIARMES - BNP PARIBAS,"2 place Pierre Salvi, 95270  Viarmes",95270,49.126051701688,2.3697921147152
AGENCE FOSSES - BNP PARIBAS,"21 avenue Henri Barbusse, 95470  Fosses",95470,49.098958252389,2.5223744183853
AGENCE SERRIS - BNP PARIBAS,"14 place D Ariane, 77700  Serris",77700,48.8555317,2.7744239
Cash Services - La Chapelle En Serval CHEMIN DES ESSARTS,"CHEMIN DES ESSARTS, 60520  La Chapelle En Serval",60520,49.100667,2.534766
AGENCE CERGY LE HAUT - BNP PARIBAS,"35 boulevard De L Evasion, 95800  Cergy",95800,49.04946019654,2.0104214266255
Cash Services - Courdimanche 17 CHEMIN DES CYGNES,"17 CHEMIN DES CYGNES, 95800  Courdimanche",95800,49.045836,2.003774
Cash Services - Tournan En Brie 41 RUE DE PARIS,"41 RUE DE PARIS, 77220  Tournan En Brie",77220,48.739446,2.763538
Cash Services - Serris 8 AVENUE DE SARIA,"8 AVENUE DE SARIA, 77700  Serris",77700,48.842336,2.789445
AGENCE BEAUMONT SUR OISE - BNP PARIBAS,"1 rue Nationale, 95260  Beaumont Sur Oise",95260,49.142246765651,2.2851552216954
AGENCE SAVIGNY MONTBLANC - BNP PARIBAS,"place Desphelipon, Quartier Mont Blanc, 77176  Savigny Le Temple",77176,48.581052609602,2.5834949247452
Cash Services - Ballancourt Sur Essonne 3 IMPASSE DE COURTE VACHE,"3 IMPASSE DE COURTE VACHE, 91610  Ballancourt Sur Essonne",91610,48.53145,2.3882
AGENCE DAMMARTIN EN GOELE - BNP PARIBAS,"80-82 avenue Du General De Gaulle, 77230  Dammartin En Goele",77230,49.053930706103,2.6785235851728
AGENCE BALLANCOURT - BNP PARIBAS,"36 rue Du General De Gaulle, 91610  Ballancourt Sur Essonne",91610,48.524993959505,2.3849985141209
AGENCE LES MUREAUX CENTRE - BNP PARIBAS,"77 rue Paul Doumer, 78130  Les Mureaux",78130,48.993884944975,1.9102986420294
AGENCE MEULAN - BNP PARIBAS,"1 rue Gambetta, 78250  Meulan En Yvelines",78250,49.005016277413,1.9104787524234
AGENCE MAULE - BNP PARIBAS,"3 rue Du Plat D Etain, 78580  Maule",78580,48.909408026715,1.8491046374804
AGENCE BAILLY - ROMAINVILLIERS - BNP PARIBAS,"11 Boulevard Des Sports, 77700  Bailly-Romainvilliers",77700,48.850120653975,2.8204448742744
AGENCE ESBLY - BNP PARIBAS,"41 B rue Du General Leclerc, 77450  Esbly",77450,48.901240527133,2.8121208674286
AGENCE FLINS VALLEE DE SEINE - BNP PARIBAS,"chemin Departemental 14, 78410  Flins Sur Seine",78410,48.963551923996,1.8648244472214
AGENCE CESSON - BNP PARIBAS,"42 rue Charles Monnier, 77240  Cesson",77240,48.563125258647,2.6033096246759
Cash Services - Flins Sur Seine 14 ROUTE DE RENAULT,"14 ROUTE DE RENAULT, 78410  Flins Sur Seine",78410,48.965564,1.863077
Cash Services - Montry RUE ARISTIDE BRIAND,"RUE ARISTIDE BRIAND, 77450  Montry",77450,48.887443,2.826521
AGENCE ST FARGEAU PONTHIERRY - BNP PARIBAS,"38 avenue Beaufils, 77310  St Fargeau Ponthierry",77310,48.531398904627,2.5444964613075
Cash Services - Le Perray En Yvelines 86 RUE DE PARIS,"86 RUE DE PARIS, 78610  Le Perray En Yvelines",78610,48.695162,1.854276
AGENCE MONTFORT L'AMAURY - BNP PARIBAS,"31-33 rue De Paris, 78490  Montfort L Amaury",78490,48.7779548,1.8085568
Cash Services - St Germain Sur Morin 2 RUE DE PARIS,"2 RUE DE PARIS, 77860  St Germain Sur Morin",77860,48.883437,2.852763
Cash Services - Montfort L Amaury 1 RUE DE PARIS,"1 RUE DE PARIS, 78490  Montfort L Amaury",78490,48.777035,1.807536
AGENCE GARGENVILLE - BNP PARIBAS,"7 rue Victor Beaufils, 78440  Gargenville",78440,48.989205537232,1.8107983086677
AGENCE DOURDAN - BNP PARIBAS,"60 rue De Chartres, 91410  Dourdan",91410,48.530779114769,2.010604329342
AGENCE MELUN - BNP PARIBAS,"1 rue Saint Etienne, 77000  Melun",77000,48.535933973909,2.6577296265373
AGENCE DAMMARIE LES LYS - BNP PARIBAS,"19 place Du Marche, 77190  Dammarie Les Lys",77190,48.515171814077,2.6355394102795
AGENCE RAMBOUILLET VALLEE DE CHEVREUSE - BNP PARIBAS,"11 rue Chasles, 78120  Rambouillet",78120,48.642795309302,1.8277552153838
AGENCE MEAUX LECLERC - BNP PARIBAS,"1 rue Du General Leclerc, 77100  Meaux",77100,48.959056460364,2.8825308650471
Cash Services - Meaux 12 RUE WINSTON CHURCHILL,"12 RUE WINSTON CHURCHILL, 77100  Meaux",77100,48.950254,2.9046
Cash Services - Etampes PLACE SUZANNE RIVET,"PLACE SUZANNE RIVET, 91150  Etampes",91150,48.43447,2.161427
AGENCE ETAMPES - BNP PARIBAS,"4-6 rue Aristide Briand, 91150  Etampes",91150,48.434123210274,2.1614417846557
AGENCE MANTES LA JOLIE - BNP PARIBAS,"2 Avenue De La Republique, 78200  Mantes-La-Jolie",78200,48.9894927,1.7145215
AGENCE MANTES UNIVERSITE - BNP PARIBAS,"9 Boulevard Salengro, 78711  Mantes La Ville",78711,48.986669,1.7062735
AGENCE BOIS LE ROI - BNP PARIBAS,"1 avenue Gallieni, 77590  Bois Le Roi",77590,48.474266644269,2.6926890618198
Cash Services - Maisse 2 PLACE DE L HOTEL DE VILLE,"2 PLACE DE L HOTEL DE VILLE, 91720  Maisse",91720,48.394247,2.376569
AGENCE MANTES SULLY - BNP PARIBAS,"15-17 boulevard Sully, 78200  Mantes La Jolie",78200,48.997330285652,1.6769357300761
AGENCE HOUDAN - BNP PARIBAS,"48 rue De Paris, 78550  Houdan",78550,48.792275020492,1.6003373834324
AGENCE FONTAINEBLEAU - BNP PARIBAS,"154-156 rue Grande, 77300  Fontainebleau",77300,48.40835056617,2.7040412570778
AGENCE COULOMMIERS - BNP PARIBAS,"27-29 place Du Marche, 77120  Coulommiers",77120,48.814839861877,3.0839123595188
AGENCE BONNIERES SUR SEINE - BNP PARIBAS,"20 rue Marcel Sembat, 78270  Bonnieres Sur Seine",78270,49.036757,1.5771841
AGENCE NANGIS - BNP PARIBAS,"3 rue Du General Leclerc, 77370  Nangis",77370,48.556278961552,3.0130785485295
AGENCE LA FERTE SOUS JOUARRE - BNP PARIBAS,"1 Quai Des Anglais, 77260  La Ferte-Sous-Jouarre",77260,48.9483382,3.1320935
AGENCE MORET SUR LOING - BNP PARIBAS,"54 Rue Grande, 77250  Orvanne",77250,48.372726,2.8178417
Cash Services - Angerville 2 PLACE TESSIER,"2 PLACE TESSIER, 91670  Angerville",91670,48.311922,1.998695
AGENCE MONTEREAU FAULT YONNE - BNP PARIBAS,"23 rue Jean Jaures, 77130  Montereau Fault Yonne",77130,48.38504331153,2.9568667647512
AGENCE NEMOURS - BNP PARIBAS,"49 rue De Paris, 77140  Nemours",77140,48.267005221809,2.6927617042945
AGENCE PROVINS - BNP PARIBAS,"19 rue Victor Garnier, 77160  Provins",77160,48.559461645066,3.2988052908894
Cash Services - Souppes Sur Loing 5 RUE VOLTAIRE,"5 RUE VOLTAIRE, 77460  Souppes Sur Loing",77460,48.18254,2.73136
